date,tavg,tmin,tmax,prcp,snow,wdir,wspd,wpgt,pres,tsun
2013-09-01,13.3,7.9,18.1,,,278,11.1,,1028,
2013-09-02,15.7,10.7,21.2,,,251,15.5,,1026.4,
2013-09-03,18.5,13.4,24.7,,,,7.8,,1027.2,
2013-09-04,21.4,14.6,28,,,,7.8,,1022.2,
2013-09-05,24.7,19.2,31.3,,,160,13.2,,1013.8,
2013-09-06,22.8,18,27.7,,,203,11.4,,1009.1,
2013-09-07,16.3,14,17.9,,,211,8.1,,1017,
2013-09-08,14.7,11.8,18.3,,,,6.6,,1019.2,
2013-09-09,13.4,9.9,17.7,,,207,17.4,,1017.8,
2013-09-10,11.3,9.2,14.5,,,261,21.3,,1014.9,
2013-09-11,13.2,10.5,17.5,,,283,19.7,,1014.1,
2013-09-12,13.2,11.8,15.2,,,284,13.1,,1017.8,
2013-09-13,13.7,11.8,16.2,,,209,13.8,,,
2013-09-14,14.8,13.1,16.4,,,232,16.4,,1013.9,
2013-09-15,12.4,8.9,15.4,,,264,11.7,,1012.6,
2013-09-16,12.1,8.2,14.4,,,238,24.8,,1003.1,
2013-09-17,9.2,6.3,12,,,210,21.6,,1003.5,
2013-09-18,11.5,9.6,13.5,,,287,11.9,,1000.1,
2013-09-19,11.3,7.1,14.3,,,231,17.1,,1012.2,
2013-09-20,13.2,11.1,15.5,,,255,16.1,,1016.3,
2013-09-21,11.9,8.6,15.9,,,211,8.1,,1026.1,
2013-09-22,14.7,12.1,18.6,,,230,7.5,,1028.3,
2013-09-23,16,14.1,19.4,,,330,6.2,,1026,
2013-09-24,15,10.2,19.9,,,,7.5,,1017.5,
2013-09-25,14.9,11.2,19.3,,,229,6.6,,1011.9,
2013-09-26,14.1,10.3,15.7,,,312,7.4,,1015,
2013-09-27,11,6,16.9,,,44,8.9,,1016.9,
2013-09-28,13.1,8.4,17,,,78,12.7,,1012,
2013-09-29,13.5,9.8,18.4,,,67,11.9,,1007.6,
2013-09-30,11.7,6.5,16.6,,,73,11.3,,1008.6,
2013-10-01,12.2,7.4,17,,,97,10.8,,1011.9,
2013-10-02,12.6,8.4,18.1,,,125,16.1,,1015.6,
2013-10-03,14.8,10.7,20.4,,,147,18.8,,1015.4,
2013-10-04,17.2,14.4,20.9,,,175,19.7,,1014.9,
2013-10-05,15.3,12.9,16.9,,,299,7.7,,1018.2,
2013-10-06,13.8,11.6,16.7,,,,4.9,,1025.6,
2013-10-07,13,9,17.4,,,,6.9,,1026.7,
2013-10-08,14.1,11.8,16.4,,,232,5.8,,1025.5,
2013-10-09,13.3,12,14.5,,,226,15.3,,1019.4,
2013-10-10,7.9,5.5,10.8,,,263,14.9,,1010.1,
2013-10-11,6.6,5.1,8.1,,,66,8.3,,1014.4,
2013-10-12,5.9,2.9,8.1,,,87,7.7,,1018.2,
2013-10-13,8.1,6,9.8,,,191,24.8,,1014.7,
2013-10-14,10.3,8.3,13.3,,,180,20.9,,1013.1,
2013-10-15,9.7,8.7,11.3,,,228,20.6,,1009.2,
2013-10-16,10.1,8.2,12.2,,,227,12.3,,1013.2,
2013-10-17,12.3,10.7,14.2,,,235,22.7,,1014.7,
2013-10-18,12.6,11,15.3,,,194,10.5,,1017.9,
2013-10-19,14.3,10.1,18.2,,,175,19.4,,1010.8,
2013-10-20,15.6,13.9,18.2,,,194,20.1,,1012.2,
2013-10-21,15,12.6,18.1,,,190,20.6,,1013.6,
2013-10-22,17.8,13.9,22.5,,,166,17.4,,1006.5,
2013-10-23,16.2,13.5,17.8,,,197,27.2,,1005.1,
2013-10-24,13.5,11.1,16.6,,,199,10.1,,1016.6,
2013-10-25,15.8,12.7,18.7,,,172,20.3,,1012,
2013-10-26,16.4,14.6,19,,,198,20.7,,1011.6,
2013-10-27,14.4,11.4,16.2,,,212,34.3,,1005.8,
2013-10-28,13.1,9.6,15.1,,,218,39.5,,1000.8,
2013-10-29,9.4,7.4,12.1,,,222,28.1,,1012.5,
2013-10-30,7.6,4.8,11.7,,,215,17,,1023.5,
2013-10-31,8.6,5.7,12.2,,,191,22.4,,1023.5,
2013-11-01,9,7.8,9.9,,,191,20.7,,1015.7,
2013-11-02,11.1,8,14.7,,,203,22.2,,1002.7,
2013-11-03,7.6,6,9.2,,,221,29.4,,,
2013-11-04,8.5,4.8,12.3,,,222,26,,991.1,
2013-11-05,5.7,3.4,8.4,,,216,23.1,,997.6,
2013-11-06,9.9,7.2,13.4,,,232,23,,1002.5,
2013-11-07,12,9.5,13.6,,,245,21.3,,1007.5,
2013-11-08,9.7,8,11.6,,,181,11.4,,1007.9,
2013-11-09,7.9,5.9,9.3,,,217,27,,1008.6,
2013-11-10,5.3,2.8,7.4,,,280,12.9,,1011.5,
2013-11-11,4.8,0.9,9.2,,,184,14.3,,1029,
2013-11-12,6,5,7.4,,,199,17.4,,1026.5,
2013-11-13,5.8,2.9,9.2,,,,6.2,,1031.8,
2013-11-14,4.1,1.4,6.4,,,206,14.4,,1022,
2013-11-15,5.7,2.8,7.1,,,21,13.2,,1027.3,
2013-11-16,1.3,-0.2,2.6,,,,5,,1031.9,
2013-11-17,3.3,0.4,6.1,,,,,,1024.7,
2013-11-18,4,2.2,4.7,,,190,10.7,,1012.7,
2013-11-19,4.4,2.5,6.4,,,265,12.2,,1008.4,
2013-11-20,2.4,-0.8,4.5,,,231,15.9,,1006.1,
2013-11-21,2.3,1.1,3.7,,,70,13.8,,1000.6,
2013-11-22,2.3,1.1,3.6,,,22,17.9,,1011.3,
2013-11-23,3.5,2,4.4,,,11,14,,1018.9,
2013-11-24,2.6,-0.7,6.1,,,334,8.8,,1024.8,
2013-11-25,3.4,0.8,5.1,,,332,9.8,,1031.9,
2013-11-26,1.8,-0.9,3.8,,,226,5.1,,1035.6,
2013-11-27,4.3,3.3,6,,,217,6.3,,1034.2,
2013-11-28,5.1,3.9,6.3,,,253,7.7,,1033.5,
2013-11-29,5.6,2.9,7,,,253,16.4,,1024.9,
2013-11-30,4.5,3,6.5,,,296,10.3,,1021.6,
2013-12-01,4.5,2.7,6.7,,,,,,1031,
2013-12-02,4.8,0.7,7.3,,,44,10.3,,1032.8,
2013-12-03,2,0.2,5.9,,,,,,1029.9,
2013-12-04,3.4,0.2,5.7,,,239,13.7,,1027.9,
2013-12-05,3,-0.1,6.5,,,235,26.7,,1023.5,
2013-12-06,2.1,1,4.1,,,272,22.5,,1023.5,
2013-12-07,3.9,0.7,6.5,,,235,16.4,,1027.2,
2013-12-08,6.1,5.2,7.8,,,230,20.6,,1027,
2013-12-09,5.9,4.4,8.8,,,218,18.8,,1030.9,
2013-12-10,5.2,2.2,10.2,,,156,10.1,,1034.6,
2013-12-11,5.1,1.3,10,,,,8,,1033.3,
2013-12-12,2.2,-0.2,4.8,,,165,16.8,,1029.6,
2013-12-13,2.2,0.7,5.9,,,171,18,,1025.1,
2013-12-14,4.5,1.6,6.7,,,209,20,,1027.3,
2013-12-15,6.8,4.9,8.4,,,196,29.1,,1027.6,
2013-12-16,8.6,6,12.1,,,195,26.6,,1024.8,
2013-12-17,7.9,6.4,10.2,,,190,19.4,,1023.9,
2013-12-18,8.1,7.5,8.7,,,190,23.1,,1017.5,
2013-12-19,7.1,3.6,10.2,,,198,23,,1006.8,
2013-12-20,4.6,2.9,6.5,,,206,19.5,,1023.2,
2013-12-21,4.8,3.8,5.6,,,193,32.9,,1025,
2013-12-22,6.6,4,8.5,,,203,30.8,,1016.4,
2013-12-23,7.6,5.1,10.9,,,203,30.8,,1012.4,
2013-12-24,9.6,6.9,11,,,197,41.6,,992.6,
2013-12-25,7,4.8,10,,,187,17,,990.1,
2013-12-26,5.2,3.7,6.3,,,197,11.9,,997.7,
2013-12-27,6.9,3.7,10.8,,,191,35.1,,998.6,
2013-12-28,7.1,5.5,11.3,,,217,14.1,,1000.5,
2013-12-29,4.4,2.7,5.5,,,221,19.6,,,
2013-12-30,4.4,2.8,5.7,,,187,27,,1022.5,
2013-12-31,6,4.4,8.1,,,173,24.2,,1014.5,
2014-01-01,6.7,4.6,9.2,,,186,25.7,,1007.3,
2014-01-02,8.2,6.4,9.3,,,200,26.1,,1000.7,
2014-01-03,9.1,6.6,11.4,,,198,28.8,,1004.4,
2014-01-04,7.6,6.1,9.5,,,174,21.5,,1002.8,
2014-01-05,5.1,3.4,7.4,,,208,21.6,,1006.4,
2014-01-06,10.1,6.4,12.2,,,195,32.9,,1005.5,
2014-01-07,10.4,8.5,12.7,,,203,26.1,,1011.9,
2014-01-08,9.4,7.4,10.6,,,207,22.2,,1017.3,
2014-01-09,9.2,5.4,10.9,,,216,30.2,,1009.7,
2014-01-10,4.9,3.6,7.5,,,218,19.4,,1017.4,
2014-01-11,4.3,1.3,8.4,,,222,16.1,,1018.8,
2014-01-12,2.2,-1.6,5.2,,,160,14.4,,1022.8,
2014-01-13,6,2.8,8.4,,,195,21.9,,1011.7,
2014-01-14,4.9,2.9,7,,,189,16.1,,1006.4,
2014-01-15,3.4,1.9,5.4,,,188,22.5,,1007.9,
2014-01-16,7.1,5.8,8.1,,,183,22.5,,1000.1,
2014-01-17,7.6,6.5,9.2,,,192,23.3,,999.5,
2014-01-18,7.1,4.7,10.3,,,151,16.1,,999.6,
2014-01-19,7.1,5.1,8.3,,,159,13.5,,998.5,
2014-01-20,4.8,3.2,5.5,,,327,8.9,,1005.2,
2014-01-21,3.2,2,5.3,,,272,10.8,,1012.6,
2014-01-22,1.7,0.3,4.1,,,176,16.5,,1013.2,
2014-01-23,2.5,0.8,4.3,,,189,17.1,,1013.3,
2014-01-24,2.3,-0.9,5.2,,,229,11.1,,1016.3,
2014-01-25,2.2,-0.5,4.4,,,174,18.3,,1016.6,
2014-01-26,4.2,3,6.2,,,227,25.1,,1006.5,
2014-01-27,3,1.5,6,,,215,23.1,,995.4,
2014-01-28,3.7,2.6,5.1,,,172,23.9,,996.6,
2014-01-29,3.2,1.5,5.9,,,123,16.5,,998.2,
2014-01-30,3.8,1.5,7.3,,,148,10.8,,1004.8,
2014-01-31,3.7,0.4,7.5,,,172,16.1,,1007,
2014-02-01,5.7,4.6,6.6,,,191,26.6,,999.4,
2014-02-02,4.3,2.2,6.8,,,190,19.4,,1012,
2014-02-03,3.7,0.3,7.7,,,141,12,,1011.4,
2014-02-04,5.8,4.1,8,,,178,21.9,,1006.7,
2014-02-05,6.3,4.6,7.7,,,178,29,,996.6,
2014-02-06,7.2,5.7,9.1,,,194,30.2,,1000.6,
2014-02-07,7.6,4.3,11.1,,,206,34.4,,994.4,
2014-02-08,5.8,4.2,6.9,,,189,30.5,,992.8,
2014-02-09,5,4.2,6.3,,,208,34.8,,993.7,
2014-02-10,4,2.7,6.3,,,167,12.5,,995.4,
2014-02-11,4.9,3.5,6.7,,,216,25.8,,1002.3,
2014-02-12,4.6,2.6,7,,,199,29.9,,,
2014-02-13,4.6,2.8,5.7,,,211,22.8,,996.5,
2014-02-14,4.7,1.7,11.8,,,185,27.2,,1002.7,
2014-02-15,9.7,6.9,12,,,210,39,,997.1,
2014-02-16,6.2,4.8,8.1,,,220,24.5,,1009.4,
2014-02-17,6,4.2,9.2,,,186,17.9,,1013.8,
2014-02-18,6,4.7,7.3,,,174,15.6,,1013.7,
2014-02-19,6.7,5.8,8.3,,,226,17.3,,1013.8,
2014-02-20,7.5,5.2,9.4,,,190,25.2,,1009.6,
2014-02-21,6.1,4.1,8.1,,,224,21.2,,1007.5,
2014-02-22,4.2,2.8,6,,,197,20.4,,1014,
2014-02-23,5.8,2.5,9.7,,,179,19.4,,1019.6,
2014-02-24,8.7,5.2,13,,,173,19.7,,1013.3,
2014-02-25,8.9,7,10.4,,,182,21.8,,1009.4,
2014-02-26,7.3,4.5,9.8,,,225,13.5,,1016,
2014-02-27,4.4,3.1,6.8,,,184,22.8,,1014.9,
2014-02-28,5.1,3.4,7.1,,,161,14.4,,1002.3,
2014-03-01,4.7,3.4,8.1,,,188,14,,1001.3,
2014-03-02,4.5,1.4,7.8,,,198,16.2,,1002.8,
2014-03-03,6.1,4,8.7,,,170,19.5,,990.9,
2014-03-04,5.4,3,8.7,,,194,12,,1003.2,
2014-03-05,6.2,2.1,10.2,,,224,6.9,,1019.5,
2014-03-06,7,1.4,12.7,,,172,10.2,,1028.5,
2014-03-07,8.3,3.8,13.2,,,203,12.9,,1026.7,
2014-03-08,11.7,6.2,17.7,,,128,11.7,,1029.8,
2014-03-09,14.5,8,20.3,,,165,15,,1027.1,
2014-03-10,11.6,4.9,16.7,,,67,10.3,,1025.6,
2014-03-11,7.5,4.6,12.6,,,30,13.5,,1030.5,
2014-03-12,9.6,3.8,15.9,,,62,8.5,,1031.1,
2014-03-13,11.1,4.6,17.4,,,,5.6,,1028.8,
2014-03-14,8.8,3.6,14.4,,,,7.9,,1026.9,
2014-03-15,7.7,5.8,9.8,,,273,17.4,,,
2014-03-16,9.7,6.6,14,,,256,18.9,,1021.8,
2014-03-17,8.7,5.9,11.2,,,249,14,,1021.7,
2014-03-18,8.3,7.5,9.1,,,237,21.5,,1017.5,
2014-03-19,10.7,7.5,15.4,,,238,24.6,,1023.5,
2014-03-20,13.6,7.8,20.7,,,187,22.7,,1015.6,
2014-03-21,9.9,6,14.7,,,219,23.4,,1008.9,
2014-03-22,6.6,3.7,8.4,,,208,18.5,,1004.4,
2014-03-23,4.1,2.5,7.8,,,221,15,,1007.2,
2014-03-24,4.4,2.7,7.9,,,318,9.3,,1013.4,
2014-03-25,4.9,0.9,9.5,,,108,11.9,,1011.1,
2014-03-26,4.2,-0.6,9.2,,,,7.2,,1014.3,
2014-03-27,5.9,1.2,11.3,,,314,7,,1012.7,
2014-03-28,10,2.8,17.1,,,134,8.6,,1015.6,
2014-03-29,14.3,8.9,19.8,,,134,12.3,,1017.7,
2014-03-30,15.1,10,19.7,,,138,10.5,,1015.9,
2014-03-31,16.1,11,22,,,,8.6,,1014,
2014-04-01,15.4,11,19.1,,,226,8.4,,1011.5,
2014-04-02,15.6,10.3,20.5,,,154,10.8,,1006.8,
2014-04-03,16.1,12.6,19.7,,,171,13.8,,1003.4,
2014-04-04,14,12.2,15.8,,,262,7.4,,1008.3,
2014-04-05,12.1,9.3,15.4,,,269,8.7,,1015.4,
2014-04-06,13.3,9,17.2,,,191,17,,1017.9,
2014-04-07,16.5,13.3,20.6,,,189,19.4,,1014.5,
2014-04-08,9.5,6.1,13.6,,,248,26.1,,1017,
2014-04-09,8.3,3.7,12.7,,,246,15.2,,1025.9,
2014-04-10,10.8,5.5,16.3,,,,7.2,,1022.8,
2014-04-11,10.4,6.5,14,,,10,10.1,,1019.2,
2014-04-12,9,3.5,13.7,,,300,6.6,,1019.3,
2014-04-13,9.4,5.4,13.1,,,267,12.6,,1020.4,
2014-04-14,8.2,5.3,12.1,,,291,19.3,,1020.9,
2014-04-15,5.6,1.3,9.9,,,331,11.3,,1027.6,
2014-04-16,7.8,1.4,13.9,,,,9.1,,1029.1,
2014-04-17,11.9,5.8,18,,,206,13.4,,1021.7,
2014-04-18,8.9,5.6,11.8,,,337,14.4,,1015.7,
2014-04-19,9,4.4,15.2,,,31,16.5,,1015.4,
2014-04-20,13.9,7.9,19.1,,,92,12.9,,1006.7,
2014-04-21,12.9,8,17.8,,,93,9.2,,1004.3,
2014-04-22,11.6,8.3,16.1,,,200,10.1,,1010.6,
2014-04-23,14.2,8.9,19.2,,,241,7.7,,1018.5,
2014-04-24,14.4,10.6,19.9,,,,,,1018,
2014-04-25,16.3,9.2,23,,,128,14.9,,1011.1,
2014-04-26,13,8.2,16.6,,,205,12.9,,1011.5,
2014-04-27,12.4,8.9,15.8,,,189,14,,1007.6,
2014-04-28,12.6,9.4,15.1,,,,5.7,,1010.6,
2014-04-29,12.7,11.1,14.7,,,254,7.4,,1012.8,
2014-04-30,12.8,8.5,17.1,,,328,6.6,,1011.9,
2014-05-01,12.5,8.2,17.1,,,233,7.2,,1011.5,
2014-05-02,10.2,8.1,11.9,,,3,13,,1016.6,
2014-05-03,9,4.3,13.1,,,20,14.9,,1025,
2014-05-04,9,2.4,14,,,,6.4,,1023.9,
2014-05-05,13.5,6,20.8,,,,10,,1016.5,
2014-05-06,15.1,12.2,19,,,199,18.5,,,
2014-05-07,12,8.7,14.8,,,237,21.2,,1011.5,
2014-05-08,10.7,8.8,12.4,,,219,26,,1013,
2014-05-09,12.8,10.3,15.1,,,246,30.2,,1012.8,
2014-05-10,10.7,8.7,12.8,,,209,22.7,,1011.1,
2014-05-11,10.2,7.9,13.8,,,237,33,,1006,
2014-05-12,9.4,6.7,12.4,,,238,23,,1011,
2014-05-13,9,6.7,11.7,,,262,13.7,,1016.9,
2014-05-14,8.5,4.1,13.4,,,282,9.2,,1028.7,
2014-05-15,7.9,3.1,11.4,,,7,9.6,,1035.3,
2014-05-16,11,4.8,16.6,,,38,11.9,,1032,
2014-05-17,13.3,6.8,18.4,,,31,10.2,,1023.6,
2014-05-18,15.9,9.3,21.7,,,,8.3,,1014.8,
2014-05-19,19.3,12.3,24.6,,,161,12.8,,1007.3,
2014-05-20,20.7,15.8,25.1,,,160,16.7,,1009.8,
2014-05-21,17.6,14,24.4,,,148,11.1,,1010.6,
2014-05-22,17.3,13.8,21.7,,,183,18.2,,1007.1,
2014-05-23,15.9,12.8,20.4,,,173,13.1,,1009.5,
2014-05-24,14.7,11.9,17,,,181,18.8,,1014,
2014-05-25,15.7,10.3,20.1,,,,9.9,,1019.2,
2014-05-26,15,12.4,17.8,,,30,6.8,,1015.6,
2014-05-27,14.2,12.2,16.9,,,233,17,,1011.5,
2014-05-28,13.9,11.9,16.5,,,242,14.9,,1012.3,
2014-05-29,13.9,10.4,19,,,304,8.4,,1015.8,
2014-05-30,13,9.9,18,,,34,11.7,,1020.9,
2014-05-31,13.9,8.2,19.8,,,,7,,1022.9,
2014-06-01,13.6,9.3,18.3,,,349,9.3,,1021.9,
2014-06-02,15,8.8,20.5,,,,,,1019.3,
2014-06-03,15.8,10.5,20.9,,,216,8.9,,1015.2,
2014-06-04,14.5,10.8,17.9,,,183,16.1,,1007.5,
2014-06-05,12,8,16.6,,,220,22.2,,1012.7,
2014-06-06,18,9.3,26.1,,,,10.7,,1015.4,
2014-06-07,23.5,18.3,30,,,149,12.5,,1013.6,
2014-06-08,21.5,16.1,26.4,,,24,10.4,,1017.8,
2014-06-09,21.9,16.2,28.5,,,,13.5,,1016.5,
2014-06-10,20.7,15.5,25.9,,,260,12.5,,1018.2,
2014-06-11,17.9,13.4,22.2,,,345,9.3,,1025.5,
2014-06-12,17.1,12.1,21.6,,,28,10,,,
2014-06-13,17.4,12.8,21.6,,,359,9.6,,1023.4,
2014-06-14,15,13.2,18.3,,,359,11.1,,1021.5,
2014-06-15,14.3,9.8,19.5,,,12,10.4,,1023.6,
2014-06-16,13.4,8.8,16.6,,,355,11.6,,1023.7,
2014-06-17,14.5,10.5,18.3,,,352,10.7,,1022.6,
2014-06-18,15.3,10.4,19.4,,,6,11.3,,1022.9,
2014-06-19,14.3,11.2,18,,,325,8.6,,1021.4,
2014-06-20,13.4,9.7,16.9,,,321,10.1,,1020.6,
2014-06-21,14.6,8,19.6,,,,5.6,,1020,
2014-06-22,16.2,11.8,20.3,,,344,8,,1020.9,
2014-06-23,16,11.2,20.1,,,54,12.7,,1022.2,
2014-06-24,17.7,11.9,22.7,,,342,8.9,,1018.1,
2014-06-25,14.7,10.6,18.9,,,26,13.2,,1016.3,
2014-06-26,16.2,10.3,21.2,,,,6.5,,1015.4,
2014-06-27,16.9,13.9,22,,,179,9.9,,1014.4,
2014-06-28,14.1,12.7,16.1,,,187,8.4,,1011.9,
2014-06-29,13.4,12,15.9,,,269,9.4,,1010,
2014-06-30,14.3,10.6,17.5,,,290,11.3,,1016.5,
2014-07-01,14.9,9.8,19.4,,,,7.5,,1019.6,
2014-07-02,15.6,9.2,20.6,,,,8.1,,1022,
2014-07-03,19.9,12.7,26,,,224,11,,1021.9,
2014-07-04,21.9,15.6,26.8,,,176,12.3,,1012.7,
2014-07-05,19.1,17.8,21.5,,,205,20.4,,1007.2,
2014-07-06,19.4,14.1,23.7,,,200,20.9,,1007.9,
2014-07-07,16.5,11.5,21.1,,,268,10.5,,1016.3,
2014-07-08,13.7,12.3,16.6,,,309,13.7,,1012.9,
2014-07-09,12.8,11.8,14.8,,,290,17.3,,1010.4,
2014-07-10,17.7,15.1,21.8,,,312,13.1,,1010.3,
2014-07-11,16.5,15.2,18.1,,,279,8.6,,1014.9,
2014-07-12,,,,,,,,,,
2014-07-13,17,14.9,20.7,,,228,12.5,,,
2014-07-14,16.8,12.6,21.7,,,244,12.9,,1013.5,
2014-07-15,17.2,12.9,20.3,,,226,13.8,,1020.5,
2014-07-16,20.8,15.9,25.6,,,,6.3,,1021.8,
2014-07-17,22.7,16.8,27.7,,,,7.5,,1020.8,
2014-07-18,26.3,20.1,32.3,,,,10.4,,1015.9,
2014-07-19,27.2,22.3,32.2,,,156,12.9,,1010.8,
2014-07-20,22.1,19.2,24.8,,,253,7.7,,1009.6,
2014-07-21,18.2,17,19.7,,,300,11.7,,1013.7,
2014-07-22,20.5,17.5,25.1,,,353,11.6,,1017.4,
2014-07-23,22.1,16.7,27.4,,,41,12.5,,1017.2,
2014-07-24,21.2,16.2,25.8,,,44,12.8,,1014.6,
2014-07-25,18.6,14.7,21.9,,,30,12.8,,1014.2,
2014-07-26,19.5,16.3,23.9,,,330,6,,1014.2,
2014-07-27,20.5,17.4,25.6,,,,,,1016,
2014-07-28,18.7,17.1,20.2,,,256,8.6,,1012.5,
2014-07-29,18.4,16.9,24,,,325,9.3,,1011.2,
2014-07-30,18.1,15.9,21.2,,,322,11.7,,1013.6,
2014-07-31,18.7,12.5,24.8,,,,,,1015.6,
2014-08-01,21.3,15.7,26.4,,,,6.8,,1010.8,
2014-08-02,21.5,18.5,24.2,,,175,15,,1006.6,
2014-08-03,20.1,16.2,25.4,,,,8.1,,1010.4,
2014-08-04,18.2,16,21.5,,,,7.5,,1015.9,
2014-08-05,18.6,14.4,22.6,,,,,,1019.7,
2014-08-06,17.4,15.1,22.6,,,172,14.6,,1016.4,
2014-08-07,18.9,14.5,23.8,,,229,10.4,,1014.7,
2014-08-08,19.3,17.3,22.9,,,139,11.1,,1011.5,
2014-08-09,18.8,15.9,21.2,,,209,21.2,,1009.3,
2014-08-10,18.7,15.8,22.7,,,173,20.3,,1006.6,
2014-08-11,15.2,12.8,19.5,,,228,21,,1011.8,
2014-08-12,15,12.5,20.7,,,211,22.2,,1011.8,
2014-08-13,15.7,12.9,19.8,,,222,12,,1006.9,
2014-08-14,14.4,12.4,18.2,,,218,16.8,,1010.9,
2014-08-15,14.2,12.2,17.2,,,244,14.4,,1013.2,
2014-08-16,14.8,11.7,18.2,,,259,13.8,,1019.6,
2014-08-17,14.3,12,16.8,,,223,27.3,,1013.5,
2014-08-18,14.4,12.2,18.1,,,249,23.7,,1008.9,
2014-08-19,12.6,10.3,15.6,,,232,18,,1012.3,
2014-08-20,12,8.3,17,,,223,10.7,,1016.9,
2014-08-21,12.8,8.4,18,,,218,13.5,,1017.2,
2014-08-22,14.2,11.4,18.3,,,213,19.8,,1013.4,
2014-08-23,12.5,10.7,16.6,,,235,14,,1014.5,
2014-08-24,12.8,8.5,17.8,,,238,13.4,,1018.9,
2014-08-25,13.9,11.8,17.5,,,165,12.2,,1014.3,
2014-08-26,14.4,12.7,15.8,,,213,14.2,,1005.2,
2014-08-27,15.9,12.6,20,,,97,10.1,,1014.3,
2014-08-28,17.5,14,21.2,,,177,16.4,,1015.2,
2014-08-29,16.4,14.9,19.1,,,221,15,,1016.6,
2014-08-30,15.7,14.4,17.6,,,220,20.1,,1017.4,
2014-08-31,14.2,11.9,16.3,,,266,13.1,,1016.4,
2014-09-01,14.8,9.5,19.5,,,278,7.4,,1021,
2014-09-02,17,14.1,20.4,,,88,9.7,,1022.1,
2014-09-03,16,12,20.1,,,63,13.7,,1022,
2014-09-04,16.7,12.5,20.7,,,86,9.1,,1018.3,
2014-09-05,19.1,15.7,23,,,187,7.4,,1014.6,
2014-09-06,17.6,14.9,20.4,,,246,7.1,,1013.7,
2014-09-07,16.8,12.9,20.7,,,,4.6,,1015.5,
2014-09-08,15.5,11,19.7,,,17,7.2,,1018.1,
2014-09-09,13.4,9,18.4,,,18,8.4,,1020.6,
2014-09-10,13.9,12.1,16.6,,,27,10.1,,1020.4,
2014-09-11,14.1,11.1,18.6,,,8,10.5,,1019.3,
2014-09-12,13.8,8,20,,,27,11.3,,1021.9,
2014-09-13,14.3,11.4,18.1,,,24,10.7,,1024,
2014-09-14,13.8,10.6,18.9,,,40,10.2,,1021.3,
2014-09-15,16.6,12.4,21.3,,,95,8.1,,1016.5,
2014-09-16,18,13.3,22.7,,,,6.7,,,
2014-09-17,19.6,15.5,25.1,,,114,10.8,,1011.8,
2014-09-18,19.1,17.2,23.9,,,109,10.1,,,
2014-09-19,19.6,16.2,23.7,,,206,9.6,,1011.4,
2014-09-20,18.9,15.3,23,,,208,10.4,,1014.3,
2014-09-21,14.9,11.1,16.3,,,330,11.3,,1017.8,
2014-09-22,12.3,9.4,15.2,,,305,12,,1022.1,
2014-09-23,11.3,6.7,15.8,,,,,,1021.8,
2014-09-24,11.3,9.1,14.4,,,208,15,,1014.5,
2014-09-25,12.6,9.9,16.2,,,256,14.7,,1019.8,
2014-09-26,13.8,10.8,17.3,,,220,16.2,,1024.7,
2014-09-27,16.4,13.4,20,,,113,7.2,,1027.3,
2014-09-28,17.2,12.8,22.7,,,159,11.7,,1023.3,
2014-09-29,16.6,14.7,18.6,,,174,14.7,,1022.7,
2014-09-30,16.8,14.8,20,,,224,11.6,,,
2014-10-01,16.6,13.1,19.8,,,199,9.2,,1026.9,
2014-10-02,15.8,13.7,19.3,,,,7.1,,1028.6,
2014-10-03,17.1,13.4,21.6,,,,7.2,,1024.6,
2014-10-04,16.5,12.9,20.2,,,163,12.5,,1016.6,
2014-10-05,11.2,10.4,14.4,,,357,12.5,,1017.7,
2014-10-06,13.2,11,15.7,,,160,11.7,,1010.4,
2014-10-07,13.1,10.4,15.5,,,196,24.5,,1002.7,
2014-10-08,13,9.6,16.5,,,180,18.6,,1005.4,
2014-10-09,15,13.6,16.9,,,197,20.6,,1005.6,
2014-10-10,14.1,12.1,17.1,,,199,16.4,,1013.8,
2014-10-11,13.1,10.5,17.9,,,168,13.1,,1013.8,
2014-10-12,12.6,9,16.5,,,122,12.8,,1012.5,
2014-10-13,15.8,13.3,18,,,184,21.3,,1004.9,
2014-10-14,13,9.8,16,,,203,20.6,,1007.7,
2014-10-15,12.5,9.5,15.6,,,204,13.2,,1007.8,
2014-10-16,14.1,12.3,16.6,,,204,18.9,,1005.8,
2014-10-17,14.5,12.7,16.6,,,202,15.8,,1013.3,
2014-10-18,17.2,13.4,22.5,,,171,19.2,,1018,
2014-10-19,17.9,14.1,20.9,,,203,21.5,,1017.1,
2014-10-20,13.4,11.5,15.5,,,234,18.6,,1018,
2014-10-21,10.3,7.2,12.8,,,229,26.7,,1009.2,
2014-10-22,7.5,5.2,10.1,,,277,20,,1019.7,
2014-10-23,9.7,7.3,12.6,,,213,15,,1024,
2014-10-24,10.6,9.3,12.2,,,185,17.1,,1020.5,
2014-10-25,11.3,9.9,13.1,,,203,12.2,,1019.8,
2014-10-26,12.1,9.7,15.6,,,188,12.1,,1025,
2014-10-27,12.5,9,16.3,,,180,11,,1024.2,
2014-10-28,8.4,6.6,11.3,,,177,17.1,,1019.3,
2014-10-29,8.7,6,10.8,,,188,11.7,,1018.2,
2014-10-30,13.3,10.8,16.1,,,170,11.4,,1022.5,
2014-10-31,15.5,13.1,18.5,,,171,18,,1022.5,
2014-11-01,16,13.7,20.5,,,177,18.2,,1019.4,
2014-11-02,14.7,12.6,16.3,,,190,23.4,,1013.2,
2014-11-03,13.1,9.1,14.9,,,197,27,,1000.3,
2014-11-04,8.7,7.8,9.8,,,208,9.9,,995.5,
2014-11-05,7.8,6.3,10.7,,,187,12.9,,1002.2,
2014-11-06,6.7,4.9,8.4,,,194,15.6,,1010.8,
2014-11-07,7.3,4.8,9.4,,,177,25.2,,1005.2,
2014-11-08,9.8,7.9,12,,,183,21.2,,1009.6,
2014-11-09,9.5,7.7,11.4,,,162,13.8,,1007.7,
2014-11-10,9.2,8,11.5,,,187,15.6,,1010,
2014-11-11,10.5,6.2,15.7,,,137,12.5,,1005,
2014-11-12,10.6,8.5,12.1,,,175,13.8,,1003.8,
2014-11-13,8.5,6,12.4,,,149,13.5,,1011.7,
2014-11-14,10,8.8,12,,,155,16.4,,1006.5,
2014-11-15,9.2,7.9,10.4,,,167,10.5,,1002.2,
2014-11-16,8.3,6.7,9.5,,,161,8.1,,1001,
2014-11-17,8.4,7.1,9.9,,,135,10.2,,1003.8,
2014-11-18,7.5,6.7,8.6,,,,6.4,,1009.8,
2014-11-19,7.2,5.7,9.1,,,64,6.4,,1020.1,
2014-11-20,5.7,3.3,9.2,,,106,9.5,,1025.8,
2014-11-21,4.9,0.7,9.1,,,115,6.8,,1021.6,
2014-11-22,9.6,6.7,14.1,,,157,15.2,,1017.9,
2014-11-23,12.3,10,15,,,175,16.4,,1016.8,
2014-11-24,7.7,3.9,12.6,,,12,9.6,,1024.4,
2014-11-25,3.9,0.8,6.6,,,79,10.5,,1023.4,
2014-11-26,6.9,4.1,8.4,,,131,9.9,,1014.1,
2014-11-27,8.6,7.5,9.4,,,142,12.8,,1007.6,
2014-11-28,9,3.5,15.1,,,99,11.4,,1006.9,
2014-11-29,3.1,0.5,7.3,,,68,7.7,,1013.1,
2014-11-30,1,-0.6,1.6,,,165,6.2,,1013.2,
2014-12-01,2.1,1.5,2.7,,,55,15.3,,1011.1,
2014-12-02,1,-0.4,2.2,,,30,11.1,,1014,
2014-12-03,-0.9,-1.7,-0.3,,,32,14.3,,1020.4,
2014-12-04,0.1,-1.7,1.8,,,,8.5,,1017.2,
2014-12-05,3.1,1.7,4.3,,,200,11.3,,1018.9,
2014-12-06,4.4,3.1,6.1,,,294,7.5,,1024,
2014-12-07,3,1.2,4.7,,,213,19.5,,1021.7,
2014-12-08,1.8,0.1,4.3,,,228,14.7,,1019.6,
2014-12-09,2.5,0.9,3.8,,,241,14.4,,1026.5,
2014-12-10,4.7,3.1,7.4,,,217,27.8,,1019,
2014-12-11,5.4,4,6.8,,,231,31.5,,1012.3,
2014-12-12,7.4,6,8.7,,,221,36.9,,1002.7,
2014-12-13,3.1,1.4,5.7,,,193,11.4,,1010.8,
2014-12-14,1.6,0.5,3.4,,,193,12.5,,1017,
2014-12-15,2.7,0.5,3.7,,,197,21.5,,1015,
2014-12-16,4.4,2.7,5.9,,,234,14.6,,1014.5,
2014-12-17,6,2.8,9.4,,,221,22.4,,1009.3,
2014-12-18,10.6,9.5,11.6,,,232,26.9,,1013,
2014-12-19,8.5,4.2,10.9,,,243,29.1,,1016,
2014-12-20,4.8,3.2,6.3,,,251,24.3,,1024.5,
2014-12-21,4.9,2.4,6.8,,,223,24.3,,1029.7,
2014-12-22,8,6.5,10.3,,,225,36.4,,,
2014-12-23,9.4,8,10.3,,,231,30.5,,1021.3,
2014-12-24,7.3,5.2,8.7,,,232,29,,1018.6,
2014-12-25,3.6,2.2,5.5,,,258,18.5,,1026.1,
2014-12-26,2.6,1,4.2,,,231,13,,,
2014-12-27,1.4,-1.5,2.9,,,112,22.2,,1000.1,
2014-12-28,-3.9,-5.5,-1.3,,,25,20.3,,1024,
2014-12-29,-0.5,-5.3,3.1,,,284,12.3,,1035.6,
2014-12-30,1.4,-0.2,3.1,,,255,11.7,,1037.7,
2014-12-31,2.5,1,4.6,,,222,10.2,,1036.4,
2015-01-01,1.3,-0.9,4.1,,,188,19.1,,1035.3,
2015-01-02,3.9,1.4,7.8,,,230,24.2,,1029.8,
2015-01-03,1.9,0.1,2.8,,,205,15.2,,1025.7,
2015-01-04,1.9,0.1,4.8,,,261,11,,1034.3,
2015-01-05,1.3,-0.5,4.3,,,182,12.6,,1033.8,
2015-01-06,1.5,-1.1,4.1,,,178,17.6,,1024.4,
2015-01-07,2.4,1.8,3.3,,,211,18.3,,1028.7,
2015-01-08,5.6,2.4,8.3,,,214,26.9,,1023.9,
2015-01-09,8.3,5.3,12.4,,,229,35.7,,1022.6,
2015-01-10,10.1,3.7,12.9,,,255,37.4,,1015.7,
2015-01-11,3.5,1.8,5,,,252,26.9,,1021.5,
2015-01-12,6.5,5.1,7.7,,,217,36,,1018.9,
2015-01-13,8,6.6,9.6,,,209,33.9,,1008.7,
2015-01-14,3.6,0.4,7,,,220,28.7,,1011,
2015-01-15,7.5,4.7,9,,,203,37.5,,1001.8,
2015-01-16,5,3.4,6.4,,,212,18.2,,1006.4,
2015-01-17,1.6,-0.5,3.4,,,228,14.4,,1015.3,
2015-01-18,2,0.4,3.9,,,189,23.3,,1014.1,
2015-01-19,-0.5,-1.5,0.7,,,,,,1012.6,
2015-01-20,0.2,-0.9,2.7,,,185,5.7,,1013.1,
2015-01-21,-0.3,-2.2,2.5,,,98,9.6,,1011.8,
2015-01-22,-1.3,-1.7,-0.7,,,24,11.6,,1017.4,
2015-01-23,-1.4,-2,-1,,,,8.4,,1025.9,
2015-01-24,0.1,-1.6,2.5,,,241,16.5,,1023.3,
2015-01-25,1,-1.7,2.3,,,235,12.6,,1030.6,
2015-01-26,3.2,1.6,5.7,,,223,17,,1023,
2015-01-27,2.7,0.7,4.5,,,272,12.6,,1024.5,
2015-01-28,3.7,1.6,5.8,,,216,28.4,,1010.3,
2015-01-29,1.8,0.5,3.4,,,218,28.5,,989.1,
2015-01-30,0.3,-0.5,1.3,,,244,15.9,,,
2015-01-31,0.7,-0.5,2,,,219,15,,983.1,
2015-02-01,0.7,-0.6,1.7,,,257,15.9,,991.5,
2015-02-02,0.7,-0.3,2,,,267,17.3,,1002.5,
2015-02-03,0.2,-0.8,2,,,258,8.7,,1005.5,
2015-02-04,-0.4,-2.7,2.5,,,347,8,,1014.8,
2015-02-05,-2.4,-4.6,-1.1,,,36,15.8,,1022.3,
2015-02-06,-1.7,-3.4,0.4,,,45,28.8,,1026.6,
2015-02-07,-1,-5.2,2.9,,,20,12.9,,1031.9,
2015-02-08,2.6,1.2,4.4,,,333,14.4,,1032,
2015-02-09,2.4,0.9,3.8,,,277,12.3,,1032.4,
2015-02-10,3.9,3,4.7,,,8,9.8,,1032.1,
2015-02-11,3,0.4,6.4,,,116,7.2,,1026.1,
2015-02-12,3.2,-0.3,8.7,,,166,11.1,,1021.7,
2015-02-13,4.7,1,9.1,,,157,18.9,,1014.7,
2015-02-14,6.8,5.3,8.8,,,147,15.6,,1007.3,
2015-02-15,5.6,2.3,8.5,,,78,10.6,,1012.6,
2015-02-16,2.4,0.3,5.8,,,169,14,,1019.1,
2015-02-17,2.6,0.3,4.6,,,244,9.7,,1032.3,
2015-02-18,1.7,-1,5.3,,,195,7.5,,1040.1,
2015-02-19,2.2,0.6,5.2,,,192,20.9,,1029.5,
2015-02-20,4.6,2.5,6.1,,,195,27.2,,1011.4,
2015-02-21,3.2,1.4,5.8,,,243,15.8,,1000.3,
2015-02-22,2.2,0,6,,,214,16.2,,1008.9,
2015-02-23,3.6,1.4,7.6,,,204,27.8,,997.3,
2015-02-24,3.7,1.6,6.3,,,222,23.6,,1006.1,
2015-02-25,3.1,1.2,4.3,,,203,16.2,,1017.8,
2015-02-26,5.9,3.7,8,,,180,18,,1016.4,
2015-02-27,4.2,0,6.8,,,310,15.4,,1016.2,
2015-02-28,3.3,-0.9,7.3,,,184,21.9,,1018,
2015-03-01,7.4,4.5,9.5,,,216,30.8,,1004.4,
2015-03-02,4.6,1.3,7.3,,,255,26,,1007.5,
2015-03-03,3.8,1.7,7.9,,,219,23.4,,1018.7,
2015-03-04,3.4,0.6,6,,,259,19.2,,1026.7,
2015-03-05,4.4,1.8,7.5,,,288,8,,1038.2,
2015-03-06,4.5,0.7,8,,,204,11.1,,1037.1,
2015-03-07,7.6,3.2,13.9,,,179,17.4,,1030.9,
2015-03-08,10.6,6.3,17.9,,,204,14.3,,1025,
2015-03-09,8,5.4,11.7,,,,5.9,,1026.9,
2015-03-10,8,3.9,11.4,,,306,9.7,,1028.5,
2015-03-11,4.4,0.2,9.3,,,48,8.7,,1031.2,
2015-03-12,6.3,0.2,12.1,,,102,12,,1029.6,
2015-03-13,5.2,2,8.9,,,96,14.1,,1024.1,
2015-03-14,3.6,1.3,6.5,,,48,17.7,,,
2015-03-15,4,2.7,6.1,,,59,14.4,,1025.9,
2015-03-16,4.9,-0.6,10.3,,,,7.8,,1023.4,
2015-03-17,9.7,3.1,16.9,,,76,9.4,,1023.9,
2015-03-18,8.5,4,12.7,,,327,9.5,,1027,
2015-03-19,5,4.1,5.9,,,4,9.9,,1029,
2015-03-20,5.2,3.9,7.9,,,38,9.5,,1025.5,
2015-03-21,4.7,2.6,7.2,,,301,13.7,,1019.9,
2015-03-22,4.1,2.6,6.2,,,48,17.1,,1023.7,
2015-03-23,5.2,-0.2,11.2,,,,,,1017,
2015-03-24,5.9,2.7,9.2,,,331,7.2,,1009.3,
2015-03-25,4.5,3.6,5.4,,,308,9.5,,1007.8,
2015-03-26,4.3,1.9,6.4,,,225,18.3,,1009.2,
2015-03-27,5.6,3.1,9.4,,,256,18.9,,1018.8,
2015-03-28,7.5,4.1,10.9,,,197,21.6,,1018.2,
2015-03-29,9.5,8.2,10.9,,,235,37.4,,,
2015-03-30,6.9,5.5,9.1,,,272,24.2,,1006.3,
2015-03-31,8.9,4.4,10.9,,,262,40.1,,1004.2,
2015-04-01,5.3,3.9,7.7,,,278,25.8,,1019.2,
2015-04-02,5.4,3,7.4,,,288,21.2,,1018.3,
2015-04-03,4.5,0.5,8.3,,,176,10.2,,1020.8,
2015-04-04,5,3,7.4,,,37,14.9,,1018.3,
2015-04-05,4.4,0.7,8.7,,,14,9.9,,1025.5,
2015-04-06,4.5,0.6,8.6,,,337,6.6,,1030.6,
2015-04-07,6.9,1.2,11.7,,,225,8.1,,1036.6,
2015-04-08,7.7,2.3,11.7,,,,8.2,,1033.8,
2015-04-09,12.2,6.9,18.4,,,153,9.6,,1027.3,
2015-04-10,14.4,7,22.4,,,190,11,,1020.5,
2015-04-11,11.6,7,15.4,,,219,21.1,,1020,
2015-04-12,10.2,5.1,15.7,,,204,15.5,,1028.8,
2015-04-13,9.8,7.2,12.4,,,289,11.4,,1030.9,
2015-04-14,13.9,7.3,20.7,,,217,17.4,,1027.5,
2015-04-15,17.3,10.9,22.9,,,239,11.1,,1018.6,
2015-04-16,12.4,7.1,17,,,30,12.9,,1015,
2015-04-17,9.1,6.1,13.2,,,38,18.3,,1017.5,
2015-04-18,7.8,1.6,12.8,,,45,15.9,,1025.8,
2015-04-19,8.4,1.7,14.5,,,32,12,,1022.5,
2015-04-20,11.6,4.7,17.7,,,48,11.3,,1026.7,
2015-04-21,12.3,6.1,19.8,,,18,9.6,,1030.6,
2015-04-22,8.6,4.5,14.2,,,22,12.3,,1028.8,
2015-04-23,10.3,4.1,15.5,,,,6.9,,1020.1,
2015-04-24,14.3,7.2,21.2,,,210,12.6,,1013.4,
2015-04-25,12.9,10.2,16,,,225,13.7,,1009.1,
2015-04-26,12.5,10.8,15.7,,,237,11.7,,1006.9,
2015-04-27,8.5,6.4,11.1,,,11,14.7,,1007.2,
2015-04-28,7,1.2,11.5,,,277,14.3,,1016.6,
2015-04-29,8.5,3.2,12.5,,,185,17.1,,1018.3,
2015-04-30,8.1,6.2,9.6,,,217,17.7,,1013.7,
2015-05-01,7.6,3,12,,,74,10.9,,1009.6,
2015-05-02,10.4,4,14.7,,,,6.4,,1011.1,
2015-05-03,13.7,11.7,16.8,,,177,17,,1004.2,
2015-05-04,15.3,11.4,19.7,,,190,15.6,,1006.8,
2015-05-05,16.6,11.6,20.8,,,198,27.9,,1001.1,
2015-05-06,11.5,8.7,14.4,,,208,27,,1011.9,
2015-05-07,11.3,7.3,15.7,,,230,19.3,,1018.3,
2015-05-08,14.1,10,18,,,159,8.4,,1015.7,
2015-05-09,15,11.9,17.7,,,234,24.6,,1017.9,
2015-05-10,14.3,10.2,19.7,,,,10.5,,1025.9,
2015-05-11,18.9,13.4,25.3,,,193,12.3,,1021.4,
2015-05-12,17.1,11.2,19.9,,,263,13.8,,1018.1,
2015-05-13,13.3,8,18.4,,,,9.5,,1019.5,
2015-05-14,10.7,5,15.1,,,39,12,,1013.5,
2015-05-15,11.5,8.5,15.7,,,325,13,,1016.6,
2015-05-16,9.7,5.5,12.9,,,240,15.8,,1024.3,
2015-05-17,12.4,7.8,17.4,,,237,9.9,,1025.1,
2015-05-18,12.8,8,18.8,,,219,20.7,,1012.2,
2015-05-19,9.6,6.9,13.3,,,225,24.9,,1008.3,
2015-05-20,9.2,6,13.1,,,247,15.5,,1015,
2015-05-21,10.8,4.4,16.2,,,267,9.6,,1025.3,
2015-05-22,14.3,9.8,18.7,,,266,6.8,,1026.1,
2015-05-23,13.2,9.9,19.1,,,,7.8,,1022.3,
2015-05-24,13.4,7.3,19.2,,,325,6.5,,1019.9,
2015-05-25,13.1,10.2,17.1,,,292,11.3,,1016.6,
2015-05-26,11,6.9,15.6,,,327,10.8,,1021.3,
2015-05-27,12.7,6.4,18.4,,,,8.2,,1023.8,
2015-05-28,14.2,12.2,16.1,,,234,21.8,,1015.9,
2015-05-29,11.6,7.7,16.4,,,228,20.9,,1011.9,
2015-05-30,11.3,7.5,15.2,,,248,17.1,,1014.3,
2015-05-31,13.6,8.7,17.1,,,192,23.1,,1012.7,
2015-06-01,12.5,8.9,16.7,,,247,13.7,,1016,
2015-06-02,14.9,11,20.4,,,208,27.9,,1013,
2015-06-03,15.5,11.8,18.1,,,256,19.2,,1021.5,
2015-06-04,17,9.4,23.5,,,74,9.6,,1025.9,
2015-06-05,23.9,17.4,32.6,,,179,16.1,,1018.1,
2015-06-06,17.1,14,20.4,,,269,13.1,,1023.5,
2015-06-07,14.8,8.7,20.7,,,,10,,1029.4,
2015-06-08,12.8,6.8,18.1,,,19,17.9,,1029.2,
2015-06-09,12.1,7.4,16.9,,,34,21.5,,1028.4,
2015-06-10,14.8,6.4,22.2,,,38,17.4,,1025.3,
2015-06-11,19.5,12,25.7,,,55,15.3,,1018.6,
2015-06-12,23.1,17.5,30.1,,,155,13.5,,1010.5,
2015-06-13,19,14.7,23.4,,,236,18.2,,1010.7,
2015-06-14,17.4,11,23.2,,,274,8.9,,1011.9,
2015-06-15,15.1,12.4,19.3,,,25,14.6,,1017.9,
2015-06-16,12.7,8.1,16.9,,,26,14,,1024.2,
2015-06-17,15.7,8.4,22.8,,,244,10.3,,1024.3,
2015-06-18,15.6,10.2,19,,,286,16.4,,1018.4,
2015-06-19,12,9.2,15.1,,,286,10.2,,1019.8,
2015-06-20,12.7,9.3,16.5,,,305,7.7,,1021.2,
2015-06-21,15.7,12.1,20.7,,,228,16.8,,1016.6,
2015-06-22,11.3,8.2,13.9,,,242,16.4,,1011,
2015-06-23,11.9,8.1,16.4,,,288,15.8,,1014.1,
2015-06-24,14.7,10.6,19.7,,,264,8.6,,1022.2,
2015-06-25,18.4,13.5,23.3,,,222,12.2,,1022.4,
2015-06-26,21.3,16.2,25.7,,,195,14.1,,1019.5,
2015-06-27,18.8,15.9,21.9,,,281,14.3,,1018,
2015-06-28,19.1,13.4,24.5,,,179,9,,1021.3,
2015-06-29,20,16,23.6,,,292,7.2,,1021.4,
2015-06-30,22.1,14.8,28.5,,,,9.4,,1020.8,
2015-07-01,27.8,21.2,34.2,,,143,12.6,,1016.2,
2015-07-02,28.8,22.4,37,,,,12.2,,1016.9,
2015-07-03,25.3,19,31.6,,,14,9.6,,1022.7,
2015-07-04,28.7,23.5,33.6,,,246,12.2,,1018.4,
2015-07-05,21.5,17.2,27.9,,,342,9.9,,1017.5,
2015-07-06,19.5,13.2,25.3,,,,11.1,,1020.7,
2015-07-07,22,15.9,27.6,,,200,15.9,,1011.7,
2015-07-08,14.8,11.5,18.4,,,234,27.2,,1012.4,
2015-07-09,14.9,11.4,18.8,,,299,14,,1020.5,
2015-07-10,16.8,9.2,24.6,,,,8.1,,1022.8,
2015-07-11,22.1,16.2,29.1,,,225,13.5,,1016,
2015-07-12,15.8,12.7,18.3,,,235,16.4,,1019.5,
2015-07-13,16.3,15,18,,,231,19.4,,1017.9,
2015-07-14,17.8,16.3,19.8,,,250,19.8,,1017.8,
2015-07-15,18.9,15,22.6,,,237,11.9,,1019.7,
2015-07-16,22.1,17,28.8,,,29,10.1,,1017.2,
2015-07-17,26.7,22.3,31.6,,,226,19.7,,1012.6,
2015-07-18,20.6,16,25.3,,,271,12.4,,1016.9,
2015-07-19,18,14.2,21.6,,,250,14.3,,,
2015-07-20,19.2,15.7,22.2,,,213,14,,1013.4,
2015-07-21,21.2,18.7,26.2,,,238,12.2,,1014.3,
2015-07-22,20.8,17.9,24.5,,,269,11.6,,1015.4,
2015-07-23,17.7,13.1,21.7,,,252,9.9,,,
2015-07-24,20.3,15.1,25.6,,,,7.5,,1011,
2015-07-25,15.2,12.2,19.7,,,234,26.7,,1007.1,
2015-07-26,14.3,10.1,19.9,,,199,15.8,,1012.6,
2015-07-27,15.7,13.5,19.8,,,228,26.9,,1003.2,
2015-07-28,15.1,12.4,18.2,,,234,27.9,,1007.7,
2015-07-29,14.3,10.6,19.2,,,244,20.9,,1010.5,
2015-07-30,12.9,10.3,16.4,,,257,11.5,,1016.5,
2015-07-31,14.1,8.5,19.4,,,,8.8,,1019.6,
2015-08-01,17.4,10.5,23.3,,,,7.4,,1015.8,
2015-08-02,19.7,11.6,27.1,,,,7.4,,1018.8,
2015-08-03,25.8,19.6,32.3,,,179,16.4,,1014,
2015-08-04,19.2,14.9,24.4,,,233,12.2,,1013.9,
2015-08-05,20,12.3,26.7,,,153,11.8,,1016.8,
2015-08-06,25.3,20.6,31.1,,,206,14.7,,1013.7,
2015-08-07,22,17.2,27.4,,,,9.2,,1016.2,
2015-08-08,19.5,16.3,23.5,,,350,7.7,,1021.4,
2015-08-09,18.6,15.3,22.3,,,14,8.4,,1020.6,
2015-08-10,19.9,16.9,24.1,,,,5.6,,1018.2,
2015-08-11,20.7,16,25.8,,,,8.9,,1018.5,
2015-08-12,21.3,17.7,26.1,,,31,12.3,,1020.5,
2015-08-13,22.5,16.8,30.5,,,46,13.6,,1014.2,
2015-08-14,21.3,18.2,25.2,,,181,14.9,,1008.6,
2015-08-15,17,14.6,20.2,,,231,13.4,,1009.2,
2015-08-16,15.3,13.5,17.9,,,331,11.7,,1015.4,
2015-08-17,13.5,12.2,15.6,,,309,10.4,,1015.3,
2015-08-18,14.1,11.6,17.3,,,247,14.9,,1015.4,
2015-08-19,16.3,11.2,20.3,,,183,8.9,,1020.2,
2015-08-20,18.7,14,23.3,,,195,10.8,,1022.5,
2015-08-21,20.4,14.4,26,,,141,8.4,,1022.9,
2015-08-22,22.2,17.9,26.8,,,129,11.1,,1017.9,
2015-08-23,20.2,16.7,26.6,,,138,15.2,,1007.1,
2015-08-24,17.5,15.2,22,,,173,20,,1002.3,
2015-08-25,15.7,13.2,18.8,,,217,30.3,,,
2015-08-26,21.1,16.4,26.1,,,187,25,,,
2015-08-27,15.9,12.4,22.2,,,205,16.8,,1011,
2015-08-28,15.6,11.8,19.3,,,224,7.7,,,
2015-08-29,18.8,12,26,,,,8,,,
2015-08-30,24.2,16,31,,,,11.3,,,
2015-08-31,23.3,19.4,29.6,,,186,17,,,
2015-09-01,15.9,13.4,19.6,,,305,11.9,,1013.7,
2015-09-02,13.5,10.5,17.7,,,232,10.1,,1017.7,
2015-09-03,12.4,9.9,15.8,,,239,10.9,,,
2015-09-04,12.1,9.9,15,,,228,17.7,,1016,
2015-09-05,12,10.3,15.1,,,265,17.1,,1018,
2015-09-06,11.1,8.5,13.8,,,289,13.5,,1024.8,
2015-09-07,12.5,10,15.3,,,292,10.2,,1027.4,
2015-09-08,13.2,11.2,15.3,,,14,7.7,,1026.6,
2015-09-09,14.8,11.1,19.1,,,60,13.8,,1022.8,
2015-09-10,14.3,9.5,18.7,,,83,12,,1021.2,
2015-09-11,14.6,8.4,19.8,,,,6.7,,1017.1,
2015-09-12,16,14.2,18.5,,,160,14.9,,1012.6,
2015-09-13,16.2,12.4,19.6,,,152,13,,1007.9,
2015-09-14,15.2,10.6,18.2,,,195,21,,1001.7,
2015-09-15,12.8,10,16.6,,,193,26.4,,1003.8,
2015-09-16,15,11.5,17.8,,,161,19.5,,994.7,
2015-09-17,14.4,12.2,15.6,,,202,27.3,,999.6,
2015-09-18,13.8,11,17.3,,,196,21,,1014.2,
2015-09-19,12.8,10.7,15.5,,,249,11.1,,1021.3,
2015-09-20,12.3,8,16.1,,,260,5.9,,1025.6,
2015-09-21,12.6,8.4,17,,,181,12.8,,1016.9,
2015-09-22,11.9,8.8,15,,,206,17.7,,1003.1,
2015-09-23,11,9,13.4,,,247,16.8,,1009.5,
2015-09-24,13,10.3,17.7,,,210,21.8,,1017.7,
2015-09-25,12.4,9.9,15.5,,,251,11.9,,1022.5,
2015-09-26,10.6,6.5,15.2,,,,,,1027.2,
2015-09-27,10.7,5.7,15.9,,,47,13.7,,1032,
2015-09-28,10.6,5,15.6,,,50,13.2,,1036,
2015-09-29,11.5,5.6,16.3,,,60,16.2,,1034.2,
2015-09-30,11.4,7.2,15.8,,,64,18.5,,1032.3,
2015-10-01,10,5,14.9,,,60,16.5,,1029.9,
2015-10-02,10.7,5,17,,,64,9.9,,1024.1,
2015-10-03,13.1,8.5,18.8,,,,10.3,,1015.5,
2015-10-04,13.4,11.1,16.5,,,173,13.1,,1015.9,
2015-10-05,13.4,10.9,16.7,,,150,14.1,,1011.5,
2015-10-06,15.9,14.1,17.6,,,182,16.5,,1002.8,
2015-10-07,13.8,11.9,16.1,,,212,21.9,,1010.3,
2015-10-08,11.5,10.3,12.6,,,260,10.2,,1020.2,
2015-10-09,11.3,8.4,13.4,,,9,6.4,,1022.3,
2015-10-10,10.5,7.3,11.5,,,36,11.6,,1019.6,
2015-10-11,7.5,3,12.2,,,43,12.6,,1016.5,
2015-10-12,6.8,3.4,10.9,,,50,6.6,,1017.1,
2015-10-13,3.2,2,4.3,,,338,10.7,,1017.9,
2015-10-14,2.8,2.2,3.9,,,7,9.6,,1019.5,
2015-10-15,3,2.1,4.1,,,6,11.3,,1018.7,
2015-10-16,5.2,3.5,7,,,213,10.1,,1018.6,
2015-10-17,6.1,5,7.3,,,167,10.5,,1017.9,
2015-10-18,7.4,5.7,9.7,,,,5.2,,1019.7,
2015-10-19,8.5,7.5,9.5,,,348,6.5,,1022,
2015-10-20,8.9,7.9,10,,,,,,1024,
2015-10-21,8.5,5.7,11.2,,,214,13.2,,1021.4,
2015-10-22,10.6,8.8,13.5,,,230,17.7,,1016.8,
2015-10-23,11,8.9,13.1,,,189,6,,1023.4,
2015-10-24,11.6,10.4,13.3,,,176,9.9,,1018,
2015-10-25,10.4,9,11.1,,,10,9.8,,1023.6,
2015-10-26,10.2,4.6,14.7,,,125,10.2,,1019.4,
2015-10-27,13.2,9.4,19,,,144,14,,1014.5,
2015-10-28,12.3,11.1,14.3,,,156,13.2,,1010.7,
2015-10-29,11.5,9.5,14.6,,,195,13.8,,1018.2,
2015-10-30,10.8,8,14.8,,,141,12,,1024.4,
2015-10-31,10.9,7.4,16.9,,,151,13.2,,1025.4,
2015-11-01,10.7,5.8,18.4,,,142,10.2,,1029.8,
2015-11-02,10.1,4.5,16.9,,,167,8.6,,1026.2,
2015-11-03,11.6,6.3,18.5,,,143,14.3,,1020.5,
2015-11-04,13.3,10.8,16.4,,,184,20,,1018,
2015-11-05,14.3,11.7,17.6,,,181,15.5,,1019.4,
2015-11-06,14.9,13.7,16.4,,,203,22.1,,1020,
2015-11-07,16.9,15.4,18.1,,,212,20.3,,1023,
2015-11-08,14.6,10.9,17.2,,,191,15.3,,1025.5,
2015-11-09,14,12.2,16.6,,,236,27.8,,1023.8,
2015-11-10,11.9,11.1,13.1,,,218,25.4,,1025.6,
2015-11-11,10.8,9.9,11.7,,,216,19.7,,1025.6,
2015-11-12,12.3,10.7,14.4,,,209,14.7,,1025.2,
2015-11-13,10.9,7,12.6,,,227,24.5,,1023.1,
2015-11-14,7.5,6,9.1,,,224,27.5,,1026.1,
2015-11-15,12.1,9,14.2,,,239,36.3,,1015.7,
2015-11-16,11.1,10.4,11.8,,,214,26.3,,1015.1,
2015-11-17,13.4,11.4,14.8,,,223,31.7,,1009.2,
2015-11-18,12.2,11.1,13.4,,,234,37.4,,1014.7,
2015-11-19,10.6,7.1,12.9,,,240,25.8,,1014.1,
2015-11-20,7.1,4.4,9.3,,,246,18.3,,1007.9,
2015-11-21,2.7,1.2,4.5,,,255,17,,999.1,
2015-11-22,1.9,0.2,3.7,,,287,12.5,,1010.1,
2015-11-23,1.1,-0.7,4.2,,,250,9.2,,1023.5,
2015-11-24,1.1,-0.1,2.3,,,197,27.9,,1017.9,
2015-11-25,4.4,2.7,6.5,,,257,15.8,,1008.1,
2015-11-26,3.4,0.9,7.1,,,252,7.5,,1018,
2015-11-27,2.7,0.5,6.2,,,180,20.4,,1017.6,
2015-11-28,4.7,2.6,6.5,,,230,27.9,,1013.3,
2015-11-29,8.4,5.7,10.1,,,230,40.7,,1012.1,
2015-11-30,9.2,7.3,10.4,,,243,35.7,,1017.7,
2015-12-01,10.4,8.8,11.6,,,255,22.7,,1023.9,
2015-12-02,9.3,8.4,10.6,,,212,16.7,,1028.5,
2015-12-03,8.2,6.8,10.6,,,186,18,,1027.5,
2015-12-04,7.4,5.7,9,,,218,22.3,,1027.7,
2015-12-05,5.8,4.4,6.8,,,197,27.9,,1028.4,
2015-12-06,8.2,4.5,10.7,,,201,27.8,,1024.2,
2015-12-07,10.7,9.4,13,,,182,16.4,,1029.9,
2015-12-08,10.1,8.4,11.9,,,182,22.9,,1028.2,
2015-12-09,6.6,4.1,9.3,,,228,16.6,,1035.9,
2015-12-10,4.1,2.7,6.2,,,187,21.9,,1033.2,
2015-12-11,5.3,3.1,8.3,,,208,25.8,,1025.1,
2015-12-12,7.7,6,9.5,,,226,18.3,,1022.7,
2015-12-13,8,7.5,8.7,,,222,17.4,,1020.3,
2015-12-14,7.4,5.8,9.1,,,169,13.1,,1020.4,
2015-12-15,8.3,6.3,10,,,173,16.5,,,
2015-12-16,10.8,9,12.4,,,209,20.6,,,
2015-12-17,13.5,12.2,16,,,199,23,,,
2015-12-18,11.5,9.8,13.6,,,219,15.8,,1022.6,
2015-12-19,12,10.6,13.9,,,189,19.8,,1020.9,
2015-12-20,11.4,10.5,11.8,,,188,24.2,,1017.4,
2015-12-21,9.8,8.9,10.9,,,215,32.7,,1021.1,
2015-12-22,11,9.7,12.2,,,207,32.3,,1022.4,
2015-12-23,9.8,7.7,11.4,,,210,24.9,,1024.2,
2015-12-24,10.1,7,13,,,194,25.6,,,
2015-12-25,9.5,7,12.4,,,208,21.7,,,
2015-12-26,11.4,9.4,13.1,,,201,25.8,,1026.2,
2015-12-27,9.6,8.2,12.4,,,194,22.1,,1026.9,
2015-12-28,9.1,6.8,12.8,,,156,16.2,,1025.6,
2015-12-29,8.2,6.9,9.5,,,179,17.7,,1025,
2015-12-30,7.1,5.9,9.1,,,162,18.2,,1023.9,
2015-12-31,7.6,6.2,9.3,,,200,23.5,,1019.9,
2016-01-01,6,4.5,7.5,,,164,14.3,,1023,
2016-01-02,7.3,5.7,9.1,,,162,18.5,,1009.9,
2016-01-03,6.1,4.3,7.8,,,180,22.8,,1002.5,
2016-01-04,5.7,3.5,6.9,,,198,19.8,,989.7,
2016-01-05,6.2,5.3,6.9,,,185,17.6,,992.3,
2016-01-06,6.1,4.9,7.5,,,183,11.4,,,
2016-01-07,5.6,4.2,7.4,,,183,22.1,,994.3,
2016-01-08,4.1,2.3,6.4,,,201,19.4,,1003.8,
2016-01-09,5.1,3.3,6.9,,,180,21.2,,1000.7,
2016-01-10,6.4,5,7.9,,,198,24.2,,993,
2016-01-11,4.9,3.2,6.7,,,189,19.8,,,
2016-01-12,4.9,3.9,6.4,,,234,27.5,,996.5,
2016-01-13,4,1.7,5.4,,,250,25.2,,1011.9,
2016-01-14,2.1,0.1,3.8,,,204,24.5,,1007.7,
2016-01-15,0.1,-0.2,2.1,,,278,17.6,,1010.4,
2016-01-16,0.4,-1,1.6,,,275,13.1,,1023.5,
2016-01-17,-1.6,-3.5,0,,,313,9.8,,1026.8,
2016-01-18,-3.8,-5.5,-1,,,128,9.8,,1020.6,
2016-01-19,-4.7,-7,-1.1,,,162,6.9,,1017.3,
2016-01-20,-1.4,-4.3,0.5,,,203,11.4,,1020.4,
2016-01-21,0.9,-0.8,3.5,,,182,9,,1025.9,
2016-01-22,0.4,-2.1,3,,,167,20.1,,1025.3,
2016-01-23,4.8,2.9,6.6,,,214,17,,1031.9,
2016-01-24,6,4,7.6,,,187,19.5,,1031.6,
2016-01-25,10,7.7,13.7,,,180,19.5,,1026.5,
2016-01-26,9.1,8.1,10,,,206,25.3,,,
2016-01-27,9.3,8.3,10.1,,,209,35.7,,1017,
2016-01-28,5.8,2.3,8.8,,,250,14.6,,1024,
2016-01-29,5.8,2.4,8.2,,,210,32.1,,1025.7,
2016-01-30,6.2,2.3,8.4,,,220,33.3,,1013.5,
2016-01-31,6,2.8,10.7,,,223,23.9,,1011.8,
2016-02-01,10.2,9.5,10.8,,,238,36.3,,1018.6,
2016-02-02,8,5.3,10.1,,,248,26.7,,1017.1,
2016-02-03,4.2,2.9,5.4,,,255,20.1,,1020.2,
2016-02-04,4.2,1.7,7.9,,,253,20.1,,1024.6,
2016-02-05,7.7,3.6,9.4,,,213,19.4,,1024.2,
2016-02-06,9,7.3,10.8,,,187,25.4,,1010.3,
2016-02-07,8,5.6,10.6,,,205,28.8,,1001,
2016-02-08,7.3,5.4,8.8,,,218,44.9,,995.4,
2016-02-09,5.4,1.9,9.8,,,221,30.5,,990.9,
2016-02-10,3.3,2.1,5.4,,,235,26.4,,995.8,
2016-02-11,3.6,1.8,6.2,,,224,16.1,,1005.5,
2016-02-12,2.4,-0.4,4.6,,,138,15.2,,999.9,
2016-02-13,1.3,-1.5,3.5,,,109,10.8,,989,
2016-02-14,1.6,0.4,2.2,,,290,11,,989.9,
2016-02-15,,,,,,,,,,
2016-02-16,-0.7,-3.3,2.9,,,56,7.7,,1035,
2016-02-17,-0.4,-6.2,4.2,,,120,6.4,,1022.5,
2016-02-18,,,,,,,,,,
2016-02-19,2.7,0,6.7,,,229,14.3,,1020.2,
2016-02-20,6.8,3.7,9.9,,,218,33.8,,1013.4,
2016-02-21,10,9.3,11,,,238,38.3,,1013.6,
2016-02-22,7.5,2.7,10.1,,,255,27.5,,1009.7,
2016-02-23,2.4,0.6,6.9,,,252,11.4,,1014.8,
2016-02-24,2.3,-1.2,5.9,,,,,,,
2016-02-25,0.5,-2.4,4.1,,,222,8.7,,1015.6,
2016-02-26,1.9,0.4,3.3,,,157,7.8,,1013.3,
2016-02-27,2.3,-0.6,5.8,,,58,16.7,,1009.2,
2016-02-28,0.9,-2,4.2,,,38,22.7,,1016.4,
2016-02-29,1.1,-1.9,5,,,22,17.3,,1022.8,
2016-03-01,0.7,-3.4,5.1,,,192,20.5,,1018.6,
2016-03-02,5.2,1.2,7.8,,,232,29.6,,,
2016-03-03,2.5,0.7,5.8,,,244,15.3,,1002.3,
2016-03-04,3,1.5,4.5,,,181,16.7,,996.5,
2016-03-05,1.6,0.1,3.7,,,81,6.3,,996.4,
2016-03-06,1.7,0.3,4.4,,,255,15.6,,1000.9,
2016-03-07,1.2,-0.5,3.4,,,260,7.4,,1005.7,
2016-03-08,1,-2.9,4.6,,,202,12.8,,1015.6,
2016-03-09,3.8,1,6.9,,,151,22.1,,1007,
2016-03-10,3.8,-0.4,8.5,,,,8.3,,1017.1,
2016-03-11,4.1,-0.6,8,,,74,11.1,,1026.9,
2016-03-12,2.7,-2,7.9,,,48,10.2,,1030.2,
2016-03-13,2.8,-2.2,8.5,,,41,15.9,,1032.8,
2016-03-14,2.6,-2.3,7.7,,,49,15.6,,1031.7,
2016-03-15,3.2,-0.8,8.2,,,38,11.7,,1027.6,
2016-03-16,3.7,0.4,7.7,,,60,20,,1027.2,
2016-03-17,4.1,-1.7,9.4,,,40,13.6,,1027.8,
2016-03-18,1.4,-1.9,3.8,,,,,,1024.5,
2016-03-19,4,3,5.1,,,7,7.2,,1023.3,
2016-03-20,4.9,3.3,7.4,,,350,8.7,,1022,
2016-03-21,5.9,4.3,8.3,,,320,9.5,,1020.8,
2016-03-22,6.3,2.1,9.7,,,311,8.6,,1016.4,
2016-03-23,,,,,,,,,,
2016-03-24,6.7,5.3,8.4,,,257,12.3,,1015.5,
2016-03-25,6.3,4.1,8.6,,,246,17.3,,1014.5,
2016-03-26,8.6,2.3,14.3,,,172,20.4,,1014.9,
2016-03-27,9.7,6,12.8,,,209,28.3,,1007.8,
2016-03-28,8.6,6.3,11.3,,,200,32.9,,999.8,
2016-03-29,7.9,4.3,11.8,,,225,30,,1007.1,
2016-03-30,8.7,6.6,11,,,230,19.5,,1010.3,
2016-03-31,5.6,4.7,6.4,,,37,14.9,,1012.9,
2016-04-01,6.7,1.8,10.2,,,48,9.9,,1019.6,
2016-04-02,10.2,6.7,14.2,,,135,7.5,,1016.5,
2016-04-03,15.3,12.7,18.9,,,175,19.1,,1009.9,
2016-04-04,13.3,10.7,15.6,,,185,16.1,,1006.5,
2016-04-05,10.5,8.3,12.8,,,244,10.5,,1007.6,
2016-04-06,8.6,6.3,12.9,,,227,27,,1011,
2016-04-07,6.5,3.8,9.8,,,235,22.9,,1010.5,
2016-04-08,7.5,5,10.8,,,,9.7,,1012.3,
2016-04-09,9,3.4,13.8,,,163,14.2,,1008.4,
2016-04-10,10.4,6,16.1,,,62,11.1,,1010.1,
2016-04-11,14.6,11,19.1,,,146,20.9,,1008.9,
2016-04-12,11.4,8,16.2,,,205,10.7,,1009.6,
2016-04-13,8.2,4.7,11.6,,,188,9.3,,1009.3,
2016-04-14,9.8,3.1,16,,,162,8.9,,1012,
2016-04-15,11.2,8.9,14.5,,,204,22.5,,1004.5,
2016-04-16,9,5.7,11,,,233,19.4,,1002.6,
2016-04-17,5.8,3.3,9.2,,,291,10.6,,1012.8,
2016-04-18,6.8,0.7,11.5,,,250,11,,1022.3,
2016-04-19,8.7,5.7,13.2,,,279,12,,1026.9,
2016-04-20,8.2,1.7,13.7,,,52,16.5,,1029.9,
2016-04-21,11.5,3.4,19,,,47,12.2,,1023.5,
2016-04-22,10.4,7.7,12.9,,,36,15.5,,1019,
2016-04-23,6,2.2,8.7,,,4,15,,1015.6,
2016-04-24,2.9,0.2,6.2,,,286,12.9,,1016.6,
2016-04-25,3.4,0.4,6.1,,,240,19.1,,1010.7,
2016-04-26,2.3,0.3,5.3,,,255,20.9,,1004,
2016-04-27,3.2,1.3,6.9,,,250,25.4,,1008.4,
2016-04-28,4.3,-0.6,9.4,,,208,12.6,,1015.2,
2016-04-29,6.9,4.4,10.7,,,205,21.6,,,
2016-04-30,6.1,4.4,8.2,,,27,7.5,,1019.1,
2016-05-01,7.6,3.2,12.5,,,9,14.3,,1026.3,
2016-05-02,10.7,3.9,16.6,,,260,7.5,,1024.5,
2016-05-03,10.5,7.6,13.3,,,296,13.2,,1023.5,
2016-05-04,9.5,3.7,13.9,,,,,,1028.9,
2016-05-05,13.7,7.3,19.7,,,,11.4,,1023,
2016-05-06,17.5,10.9,23.9,,,144,13.8,,1013.5,
2016-05-07,19.8,15,24.2,,,,8.9,,1010.1,
2016-05-08,21.1,15.5,24.7,,,124,14,,1009.8,
2016-05-09,20.5,16.4,24.3,,,130,13.2,,1010.7,
2016-05-10,17.5,15.1,20.4,,,127,10.4,,1008.9,
2016-05-11,18.7,14.1,23.1,,,93,12.2,,1004,
2016-05-12,17.3,13.9,19.9,,,69,9.9,,999.4,
2016-05-13,16.7,11.7,21.8,,,5,12.4,,1002.8,
2016-05-14,8.9,5.5,11.9,,,336,16.8,,1014.2,
2016-05-15,7.2,3.5,10.5,,,291,13.2,,1021.2,
2016-05-16,9.2,6.6,12.2,,,319,8.3,,1021.2,
2016-05-17,12.3,7.8,16.8,,,223,14.3,,1018.2,
2016-05-18,13.7,11.1,16.6,,,196,17,,1010,
2016-05-19,12.3,7.6,17.1,,,234,10.1,,1011,
2016-05-20,13.2,9.6,15.8,,,208,18.6,,1018.1,
2016-05-21,17.7,13.5,23,,,186,19.4,,1015,
2016-05-22,16.6,13.5,19,,,185,14.7,,1008,
2016-05-23,10.9,9.4,13.7,,,286,18,,1013,
2016-05-24,10.6,8.8,13.1,,,324,11.1,,1017.9,
2016-05-25,11.1,7.3,14.9,,,,4.9,,1016,
2016-05-26,15.5,8.9,20.7,,,,7.4,,1015.6,
2016-05-27,17.1,13.2,22.1,,,64,7.7,,1014.7,
2016-05-28,16.2,11.8,21.6,,,,7.4,,1013.2,
2016-05-29,15.3,13.1,16.5,,,30,9,,1007.4,
2016-05-30,14.6,14.1,15,,,338,13.8,,1004.8,
2016-05-31,15.6,13.6,17.4,,,129,8.3,,1007.2,
2016-06-01,14.8,13.7,16,,,261,10.6,,,
2016-06-02,16.6,14,21.4,,,343,15.8,,,
2016-06-03,14.6,12.3,18,,,318,9.2,,1012.9,
2016-06-04,14.5,12.3,16.9,,,304,8.3,,1014.2,
2016-06-05,17.2,14.4,23.2,,,283,8.4,,1017.5,
2016-06-06,18.6,13.5,23.9,,,43,6.6,,1020.1,
2016-06-07,19.6,16.7,25.6,,,,,,1021,
2016-06-08,18,15.1,22.6,,,322,8.5,,1021.1,
2016-06-09,15.5,11.7,20.1,,,,9.3,,1020.1,
2016-06-10,16.1,10.4,20.8,,,,6.5,,1014.6,
2016-06-11,16.9,13.7,20.8,,,,6.9,,1010.5,
2016-06-12,16,14.1,19.1,,,230,8.8,,1009.3,
2016-06-13,15.5,14.1,18.8,,,234,17.1,,1003.1,
2016-06-14,14.9,12.7,18.7,,,230,16.7,,1000.4,
2016-06-15,14,12.1,17.1,,,199,13.2,,999.8,
2016-06-16,13.4,10.3,17.7,,,148,8.7,,1002.6,
2016-06-17,13.8,11.6,17.3,,,230,13.3,,1006.8,
2016-06-18,13.6,12.2,16.3,,,242,14.9,,1016.5,
2016-06-19,13.7,10.7,17.2,,,292,9.3,,1024.5,
2016-06-20,14.9,12.4,17.8,,,192,22.1,,1019.5,
2016-06-21,17,14.3,19.7,,,215,16.1,,1018.9,
2016-06-22,20.1,16,24.8,,,177,10.4,,1022,
2016-06-23,24.8,18.4,31.3,,,184,13.4,,1017.4,
2016-06-24,19.7,18.1,22.2,,,291,10.5,,1017.8,
2016-06-25,15.3,13.6,17.6,,,298,9,,1017,
2016-06-26,14,10.7,17.4,,,225,15,,1018.3,
2016-06-27,14.8,11.7,18.2,,,224,18.5,,1019.2,
2016-06-28,16.9,13.8,20.1,,,197,12,,1017,
2016-06-29,16.5,12.8,19.6,,,219,20.3,,1012.7,
2016-06-30,16.5,14.2,19.4,,,213,19.2,,1012.9,
2016-07-01,17.7,15.9,20.2,,,207,23.4,,1013.3,
2016-07-02,14.2,12,17.9,,,240,19.8,,1015.3,
2016-07-03,14.5,11.5,17.9,,,238,14.4,,1020.5,
2016-07-04,16.5,13.6,20.7,,,188,7.7,,1020.1,
2016-07-05,16.8,13.7,19.5,,,258,17.3,,1017.5,
2016-07-06,15.9,11.7,19.9,,,274,10.1,,1021.4,
2016-07-07,17.8,12.1,23.8,,,,,,1021.2,
2016-07-08,20.2,17.2,23.6,,,226,17.4,,1016.8,
2016-07-09,19.8,15.8,24.6,,,242,15.2,,1019.7,
2016-07-10,23.8,19.1,29.2,,,204,19.4,,1012.2,
2016-07-11,19.3,16.6,23.2,,,245,19.4,,1011.3,
2016-07-12,16.4,14.4,20.5,,,237,12.9,,1013.4,
2016-07-13,13.4,10.9,16.6,,,240,11.9,,1015.1,
2016-07-14,13.2,9.7,16.7,,,281,9.9,,1021.2,
2016-07-15,14.7,8.9,20.6,,,261,8.4,,1026.3,
2016-07-16,17.9,14.4,22.3,,,235,11,,1025.5,
2016-07-17,20.1,15.9,23.4,,,247,11.6,,1022.6,
2016-07-18,22.6,17.2,26.7,,,,5.5,,1021.8,
2016-07-19,24.9,17.8,30.6,,,,8.6,,1019.8,
2016-07-20,26.5,21.2,33.2,,,169,14.9,,1013.5,
2016-07-21,23.7,20.3,27.4,,,252,10.8,,1014.9,
2016-07-22,21.2,18.2,25.3,,,6,9.5,,1016.2,
2016-07-23,19.5,17.3,22.5,,,307,9,,1018.4,
2016-07-24,20.5,16.7,25,,,276,7.7,,1020,
2016-07-25,20.4,16.6,23.7,,,231,12,,1019.8,
2016-07-26,18.8,15.7,22.1,,,,5.1,,1020.7,
2016-07-27,17.6,13.6,21,,,238,15.3,,1018.6,
2016-07-28,18.9,16.2,22.9,,,223,15.2,,1015.6,
2016-07-29,18,14.6,22.4,,,225,15.2,,1013.5,
2016-07-30,18,14.6,20.8,,,243,14.6,,1013.7,
2016-07-31,16.5,14.2,20.1,,,285,9.5,,1015.3,
2016-08-01,16.5,11.7,20.9,,,235,10.2,,1019.2,
2016-08-02,15.5,13.8,17.4,,,216,18.5,,1015.5,
2016-08-03,17.6,16.8,18.8,,,212,23,,1012.6,
2016-08-04,16.6,15,18.5,,,223,17.1,,1012.4,
2016-08-05,16.3,12.5,20.2,,,250,12.9,,1018.7,
2016-08-06,17.1,13,22.1,,,254,12.5,,1026.4,
2016-08-07,19.2,13.7,24,,,214,15.8,,1026.8,
2016-08-08,17.2,14.6,20.5,,,257,17,,1021.4,
2016-08-09,14.5,11.4,18.8,,,292,10.1,,1022.5,
2016-08-10,12.2,10,14.7,,,295,7.8,,1023.1,
2016-08-11,11.9,8.1,14.5,,,219,17.6,,1023.7,
2016-08-12,17.7,13.9,22.5,,,244,16.5,,1023.8,
2016-08-13,19.2,14,24.1,,,240,14.7,,1023.1,
2016-08-14,18.6,14.7,22.8,,,,8,,1023.4,
2016-08-15,16.9,12.2,21.5,,,28,12.3,,1023.4,
2016-08-16,17.2,11.1,23.3,,,35,11.9,,1018.3,
2016-08-17,18.7,11.8,25.3,,,54,9.8,,1013,
2016-08-18,19.1,15,23.5,,,,6.3,,1009.6,
2016-08-19,19.2,15.8,22.8,,,174,13.7,,1009.9,
2016-08-20,18.1,15,22.4,,,216,18.9,,1012.2,
2016-08-21,15.5,13.1,17.6,,,223,24.8,,1018.2,
2016-08-22,17.7,13.1,23.8,,,219,17.7,,1025.4,
2016-08-23,22.2,15.6,28.4,,,157,9.5,,1025.7,
2016-08-24,25.8,20.1,32.5,,,151,11.4,,1020.6,
2016-08-25,26.7,21.4,32.1,,,164,13.5,,1015.9,
2016-08-26,25.8,21.4,30.1,,,294,10.2,,1015.8,
2016-08-27,25.6,17.9,34.6,,,90,9.6,,1016.5,
2016-08-28,22.9,18.2,25.9,,,234,16.4,,1014.2,
2016-08-29,17.5,16.3,19.2,,,245,10.1,,1019.9,
2016-08-30,17.1,12.2,22.4,,,,,,1025.1,
2016-08-31,19.8,14.9,25,,,,10.2,,1021,
2016-09-01,17.9,13.9,22,,,260,9.3,,1023,
2016-09-02,18.9,14.4,23.9,,,227,12.8,,1021,
2016-09-03,18.9,14.1,24.2,,,226,11.2,,1018.1,
2016-09-04,17.7,15.4,19.6,,,229,23,,1013.6,
2016-09-05,17.3,14.4,21.9,,,262,13.1,,1019.9,
2016-09-06,19.5,14,24.9,,,161,9.5,,1025.1,
2016-09-07,20.3,14.8,25.3,,,107,11.6,,1020.2,
2016-09-08,21,15.6,27.3,,,213,15.6,,1012.6,
2016-09-09,17.3,13,22.7,,,224,8.9,,1018.5,
2016-09-10,19.2,13.3,25.6,,,193,10.7,,1016.6,
2016-09-11,20.2,16.9,24.1,,,179,9.2,,1017.5,
2016-09-12,22.9,17.2,29.1,,,143,10.5,,1016.3,
2016-09-13,25.6,20.6,31.1,,,139,13.5,,1013,
2016-09-14,25.7,22,30.6,,,130,9.8,,1011.5,
2016-09-15,21.5,16.3,26,,,179,14.4,,1010.5,
2016-09-16,17.4,14.5,20.8,,,196,18,,1013.3,
2016-09-17,16.9,14.3,20.8,,,,8.5,,1015.5,
2016-09-18,15.6,14.4,16.8,,,353,9.6,,1017.1,
2016-09-19,15.4,12.5,19.3,,,2,8.6,,1019.4,
2016-09-20,14.3,9.4,17.4,,,,6.9,,1019.5,
2016-09-21,16.2,13.7,20.2,,,,7.2,,1019.3,
2016-09-22,15.9,11.6,20.4,,,191,9.8,,1021.2,
2016-09-23,16,12.3,21,,,,7.7,,1024.7,
2016-09-24,17.4,13,23.3,,,156,14.4,,1023.4,
2016-09-25,17.5,13.8,24.9,,,192,18.2,,1018.1,
2016-09-26,13.5,9.5,17.3,,,,7.4,,1024.2,
2016-09-27,14.6,9,21.5,,,,8.8,,1026.1,
2016-09-28,17.1,13.6,22,,,215,20.9,,,
2016-09-29,17.3,14.4,20.8,,,217,25.8,,1018.8,
2016-09-30,14.3,12.9,16.8,,,221,14.6,,1015.1,
2016-10-01,13.7,11,17.5,,,186,13.8,,1009.9,
2016-10-02,11,9.3,13.7,,,225,22.8,,1012.8,
2016-10-03,11.8,9,16.4,,,288,13.5,,1025.3,
2016-10-04,11.5,8.3,15.3,,,65,12.8,,1031.5,
2016-10-05,9.6,6.1,13.4,,,66,18.2,,1031.1,
2016-10-06,6.9,1.9,11.3,,,45,14.4,,1025.1,
2016-10-07,10.1,9,12,,,34,12.8,,1021.2,
2016-10-08,10.1,6.8,13.6,,,19,10.5,,1023.6,
2016-10-09,7.9,4.6,12.1,,,,,,1026,
2016-10-10,7.7,5.6,11.7,,,,7.2,,1024.3,
2016-10-11,6.7,3.6,10.9,,,,7,,1021.9,
2016-10-12,7.9,6,8.9,,,35,10.1,,1019.5,
2016-10-13,7.9,3.8,13.1,,,75,16.5,,1014.6,
2016-10-14,9.5,6.7,13,,,64,11.4,,1007.1,
2016-10-15,11.3,9.6,14,,,185,17.4,,1010.5,
2016-10-16,13.9,10.2,19.1,,,153,14.6,,1018.7,
2016-10-17,13.2,11.6,15.5,,,196,12.9,,1021.2,
2016-10-18,10.4,7.7,13.4,,,208,19.5,,1021.4,
2016-10-19,8,6.7,9.7,,,246,21.5,,1016.9,
2016-10-20,8.6,6.3,11,,,293,14.1,,1014.7,
2016-10-21,6.2,4.8,7.3,,,277,8.9,,1016.7,
2016-10-22,7.2,4.5,9.7,,,301,8.9,,1014.8,
2016-10-23,5.7,2.5,10.3,,,89,8.9,,1013,
2016-10-24,9,6.3,11.8,,,63,6.5,,1012.3,
2016-10-25,9.1,7,10.7,,,268,7.2,,1022.4,
2016-10-26,7,3.5,11.7,,,,,,1029.5,
2016-10-27,10.2,7.3,13.4,,,206,11.9,,1033.2,
2016-10-28,11.7,10.9,13,,,239,14.6,,1034.3,
2016-10-29,11.6,9.2,13.8,,,282,6.3,,1034.9,
2016-10-30,9.3,4.6,15.6,,,101,6.9,,1031.2,
2016-10-31,10.8,6.7,16.3,,,,,,1028,
2016-11-01,10.5,7.1,14.2,,,243,7.7,,1022,
2016-11-02,7.2,5.6,9.9,,,275,11.9,,1021.2,
2016-11-03,6,3.3,9.9,,,213,10.8,,1022.3,
2016-11-04,6.3,4.2,9.2,,,182,14,,1013.6,
2016-11-05,6.8,5.6,9.4,,,238,17.4,,1002.7,
2016-11-06,4.8,3,6.3,,,242,21.3,,1002.1,
2016-11-07,4.1,2.5,5.6,,,232,13.8,,1006.5,
2016-11-08,3,1.5,4.5,,,255,10.3,,1010.2,
2016-11-09,3.3,2,4.9,,,173,15.5,,1002,
2016-11-10,5.9,3,7.8,,,240,18.6,,1006.1,
2016-11-11,3.1,1.6,5.7,,,344,12.3,,1017.4,
2016-11-12,2.9,-0.2,5.8,,,155,11,,1023.6,
2016-11-13,4,2.9,4.9,,,141,7.2,,1024.9,
2016-11-14,2.9,1.3,4.5,,,171,12.6,,1032.1,
2016-11-15,6.7,3.8,9.9,,,201,21.9,,1026.9,
2016-11-16,10.9,9.9,11.9,,,224,26.1,,1018.1,
2016-11-17,10,8.5,11.1,,,218,28.8,,1006.5,
2016-11-18,7.6,3.4,11.3,,,221,27.8,,999.4,
2016-11-19,5.4,4.6,6.8,,,199,22.2,,1006.3,
2016-11-20,9.3,5,13.3,,,183,31.5,,996.9,
2016-11-21,12.4,11.1,13.6,,,170,23.3,,998.8,
2016-11-22,10.6,9.4,12,,,180,21,,1008.6,
2016-11-23,,,,,,,,,,
2016-11-24,8.3,5.3,10.8,,,43,21.3,,1019,
2016-11-25,5.3,2.9,7.7,,,48,17,,1019.3,
2016-11-26,5.7,4.3,7.4,,,26,6.5,,1019.7,
2016-11-27,3.9,1.3,6,,,341,6,,1022,
2016-11-28,1.1,-2.1,3.5,,,50,15.8,,1029.4,
2016-11-29,-1.3,-4.5,2.2,,,75,8.1,,1034.2,
2016-11-30,0.2,-2.4,4.3,,,210,11.1,,1034.5,
2016-12-01,2.5,0.3,4,,,235,15.2,,1029.6,
2016-12-02,5.6,4,7.8,,,305,9.2,,1024.6,
2016-12-03,1.7,-0.5,4.4,,,70,9.2,,1025.8,
2016-12-04,-0.1,-3.8,4.2,,,87,8.6,,1026,
2016-12-05,3.3,0.6,8.1,,,148,9.4,,1026.5,
2016-12-06,4.1,0.5,9.3,,,151,11.9,,1030.3,
2016-12-07,7.1,4.9,9.7,,,179,17.3,,1031.7,
2016-12-08,6.3,4.8,7.8,,,188,20.3,,1030.4,
2016-12-09,9,6.8,13,,,196,16.5,,1029.4,
2016-12-10,7.5,5.2,9.9,,,199,18.6,,1025,
2016-12-11,7.1,5.9,9.3,,,253,19.7,,1022.6,
2016-12-12,5.8,4.3,7.1,,,214,11.6,,1026.3,
2016-12-13,5.9,4.5,7.1,,,183,16.1,,1024.6,
2016-12-14,7.8,5.6,11.7,,,155,10.7,,1024.1,
2016-12-15,6,4.3,8.5,,,145,15.5,,1024.7,
2016-12-16,6.6,5.8,8.3,,,150,16.4,,1027.5,
2016-12-17,4.9,2.9,6.3,,,214,9.5,,1037.6,
2016-12-18,5.2,4.5,5.8,,,246,7,,1036.8,
2016-12-19,4.5,1.8,5.7,,,92,8.1,,1028.5,
2016-12-20,0.3,-3,4.9,,,,,,1023.8,
2016-12-21,2.6,0.1,4.6,,,183,22.2,,1026.6,
2016-12-22,4.8,4.3,5.4,,,195,15.6,,1029.1,
2016-12-23,4.7,3.2,6.5,,,193,20.8,,1032.8,
2016-12-24,6.5,5.4,7.4,,,232,27.9,,1027.6,
2016-12-25,7.8,7.3,8.5,,,228,29,,1027.4,
2016-12-26,6.7,2.1,9.7,,,247,21.6,,1030.4,
2016-12-27,2.6,0.8,5.7,,,250,11.9,,1042.7,
2016-12-28,1.1,-0.8,3.1,,,160,6.3,,1045.5,
2016-12-29,0,-4,5.2,,,130,5.9,,1040.4,
2016-12-30,0.7,-3.6,6.2,,,176,8.5,,1038.1,
2016-12-31,-0.6,-4.7,4.3,,,207,8,,1033.4,
2017-01-01,-2.1,-4.3,0.3,,,190,17.6,,1022.1,
2017-01-02,-0.8,-1.4,-0.2,,,251,10.4,,1024.6,
2017-01-03,0.5,-1.1,1.8,,,235,20.1,,1026.8,
2017-01-04,2.4,1.5,4.7,,,274,21.2,,1019.5,
2017-01-05,-0.4,-4.1,2.1,,,358,9.9,,1031.2,
2017-01-06,-4.1,-6.7,-1.3,,,161,9.9,,1040.3,
2017-01-07,-3,-5,-0.2,,,195,15.9,,1034.1,
2017-01-08,1.2,0,2.4,,,235,5.7,,1032.1,
2017-01-09,2.9,1.5,4.3,,,181,17.9,,1024.8,
2017-01-10,3.4,2,4,,,223,14.4,,1011,
2017-01-11,4.9,3.1,7.5,,,234,22.8,,1010.4,
2017-01-12,3.7,2.4,6,,,216,23.6,,1006.7,
2017-01-13,0.8,-0.2,4.4,,,257,28.8,,,
2017-01-14,0.6,-0.2,1.9,,,271,19.1,,1014.6,
2017-01-15,0,-1.4,1.4,,,260,11.3,,1021.9,
2017-01-16,-0.7,-3.8,0.8,,,4,7.7,,1027.5,
2017-01-17,-3.4,-5.4,-1.5,,,50,12.1,,1036.8,
2017-01-18,-4.9,-7.5,-1.8,,,43,12.8,,,
2017-01-19,-2.9,-6,1.6,,,54,11.4,,1036.9,
2017-01-20,-1.7,-6.2,3.3,,,80,8,,1034.2,
2017-01-21,-1.3,-5.4,3.6,,,129,5.5,,1029.8,
2017-01-22,-2.4,-6.2,1.7,,,188,8.1,,1027.8,
2017-01-23,-2.5,-5.5,-0.7,,,,5.3,,1028.4,
2017-01-24,-0.7,-1.8,0,,,,,,1029.1,
2017-01-25,-2.4,-4.7,-0.7,,,114,7.7,,1030,
2017-01-26,-2.7,-5.7,1,,,148,9.6,,1024.8,
2017-01-27,2.9,-3.8,8.5,,,158,18,,1017.7,
2017-01-28,6.2,4.7,8.4,,,170,17.6,,1017.1,
2017-01-29,4.6,3.8,6,,,190,19.7,,1019.4,
2017-01-30,5.2,3.6,6.7,,,223,20.9,,1012.7,
2017-01-31,1.6,0.3,3.4,,,70,7.7,,1016.9,
2017-02-01,3.8,-0.2,7,,,155,16.4,,1014.5,
2017-02-02,9,7.1,11.5,,,165,18.8,,1007.2,
2017-02-03,8.7,6.7,10.1,,,183,17.4,,1003.1,
2017-02-04,5.4,4,7.1,,,170,16.2,,999.3,
2017-02-05,5.1,2.3,7.8,,,132,12.3,,1002.7,
2017-02-06,4,1.1,6.9,,,35,7.7,,1016.6,
2017-02-07,4.5,3.8,5.5,,,162,8.9,,1016.7,
2017-02-08,4.1,2.8,5,,,85,7.2,,1021.8,
2017-02-09,0.9,-1.2,3.8,,,30,10.5,,1026.4,
2017-02-10,-0.6,-2.4,0.7,,,50,10.5,,1021.5,
2017-02-11,0.3,-1,1.8,,,26,6.5,,1019.7,
2017-02-12,3.4,0.6,7.5,,,73,9.8,,1023.2,
2017-02-13,3.6,-0.8,9.9,,,68,12.5,,1025.9,
2017-02-14,6.9,2.2,14.3,,,127,10.7,,1027.9,
2017-02-15,9.8,5.3,14.8,,,174,18,,1032.3,
2017-02-16,8.9,6.2,12.2,,,229,9.9,,1030.8,
2017-02-17,6.2,4.7,7.7,,,268,13.1,,1027.7,
2017-02-18,6.2,4.3,9.3,,,186,6.9,,1027.6,
2017-02-19,5.5,1.9,9.5,,,218,16.5,,1023.8,
2017-02-20,7.9,6.5,9.6,,,226,23.8,,1019.6,
2017-02-21,9.4,8.8,10.4,,,254,20.9,,1016.7,
2017-02-22,9,8.5,9.5,,,239,34.8,,1010.8,
2017-02-23,7.9,5.3,9.3,,,232,43.1,,1001,
2017-02-24,3.8,1.8,6,,,272,14.6,,1013.7,
2017-02-25,4,0.9,7,,,202,19.4,,1020.1,
2017-02-26,7.9,5.8,10.5,,,205,24.5,,1012.9,
2017-02-27,9.2,6.7,11.8,,,201,31.1,,1000,
2017-02-28,4.5,3,6.2,,,214,29.1,,992.5,
2017-03-01,5.8,2.8,8.7,,,222,27.5,,1000.4,
2017-03-02,6.6,4.3,8.6,,,243,34.4,,1009.7,
2017-03-03,7.5,2.6,11.7,,,156,16.7,,1006.8,
2017-03-04,10.1,5.6,12.9,,,195,17.7,,993.7,
2017-03-05,5.8,4.4,8.2,,,202,27,,998.6,
2017-03-06,5,4.1,6.7,,,254,21.5,,1001.8,
2017-03-07,5.3,3.9,7.7,,,271,12.5,,1015.5,
2017-03-08,6.3,3.6,10.1,,,208,23,,1016.8,
2017-03-09,9.8,5.9,13,,,267,16.1,,1020.2,
2017-03-10,6.7,2.4,11.4,,,58,6.3,,1027.9,
2017-03-11,8.3,4,13.5,,,118,11.6,,1021.5,
2017-03-12,11.1,7.3,17.6,,,120,12.7,,1014.7,
2017-03-13,8.8,5.3,13.3,,,269,10.5,,1025.1,
2017-03-14,8.6,4.7,13.4,,,241,12.6,,1032.9,
2017-03-15,10.4,8.2,14.6,,,293,6.9,,1032.5,
2017-03-16,11.3,5.4,17.3,,,180,10.2,,1024.5,
2017-03-17,8.6,6.4,11.9,,,261,17.6,,1017,
2017-03-18,8.5,5.3,11,,,247,29.6,,1010,
2017-03-19,10.4,9.5,11.9,,,243,30.5,,1011.3,
2017-03-20,10.2,8.6,12.6,,,220,31.4,,1009.5,
2017-03-21,,,,,,,,,,
2017-03-22,6,1,10.2,,,145,13.8,,1013.8,
2017-03-23,8.6,2.9,14.8,,,77,14.4,,1015,
2017-03-24,8.5,5.2,12.6,,,50,18.8,,1025.9,
2017-03-25,8.9,3,14.3,,,52,23.6,,1027,
2017-03-26,9.3,3.5,14.9,,,49,14.7,,1023.5,
2017-03-27,12.1,5.6,18.7,,,130,9.3,,1022.3,
2017-03-28,13.5,6.8,19.2,,,210,14.1,,1021.9,
2017-03-29,12.1,9,14.8,,,221,18.6,,1025.7,
2017-03-30,15.9,11.1,21.5,,,177,14.1,,1024.2,
2017-03-31,16.2,13.3,21.6,,,188,19.7,,1014.8,
2017-04-01,11.4,9.2,13.5,,,198,11.3,,1012.9,
2017-04-02,11,7,15.6,,,270,9.2,,1019.9,
2017-04-03,9.1,3.7,13.7,,,16,6.8,,1026.7,
2017-04-04,10.4,4.7,15.1,,,119,8.8,,1024.6,
2017-04-05,7.6,3.6,11.9,,,305,10.1,,1026.9,
2017-04-06,6.4,2.7,9.1,,,327,9,,1029.1,
2017-04-07,8.4,3,14,,,273,8.9,,1026.8,
2017-04-08,10.1,5.4,14.7,,,,4.7,,1025.1,
2017-04-09,14.2,6.4,22.4,,,190,8.9,,1022.8,
2017-04-10,11.2,5.6,16.2,,,291,13.8,,1021.9,
2017-04-11,7.9,3.2,12.9,,,267,8.4,,1026.8,
2017-04-12,9.9,5.6,15.5,,,248,21,,1019.3,
2017-04-13,9.3,7.1,12,,,279,15.5,,1016.5,
2017-04-14,7.9,4,11.5,,,237,10.1,,1017.7,
2017-04-15,8,3.3,9.7,,,256,16.8,,1016.8,
2017-04-16,6.7,3.2,9.7,,,269,14,,1020.8,
2017-04-17,6.4,3.4,8.8,,,312,15.6,,1019.3,
2017-04-18,4.2,-0.4,9.1,,,321,10.1,,1026.8,
2017-04-19,3.7,-0.5,7.6,,,32,14.4,,1034.8,
2017-04-20,5.3,-1,10.2,,,163,4.8,,1036.7,
2017-04-21,8.2,2.9,14.6,,,225,12.6,,1031.5,
2017-04-22,8.3,4.8,10.5,,,322,12.2,,1026.8,
2017-04-23,6.3,1.3,9.5,,,333,8.1,,1026.7,
2017-04-24,9,2.9,14.6,,,216,13.2,,1017.1,
2017-04-25,6.4,4,9.2,,,285,15.8,,1010.2,
2017-04-26,4.8,-0.6,10.2,,,289,9,,1013.3,
2017-04-27,5.3,0.2,9.6,,,304,8.3,,1017.2,
2017-04-28,6.2,2.8,9.8,,,249,10.7,,1015.9,
2017-04-29,7.8,2.7,12.5,,,51,8.4,,1018,
2017-04-30,13.2,6.6,19.3,,,127,16.4,,1009.1,
2017-05-01,11.1,8.6,15.3,,,186,16.7,,1009.8,
2017-05-02,8.8,5.6,11.6,,,357,8.7,,1016.8,
2017-05-03,9.1,6.2,13.7,,,48,7.6,,1018.6,
2017-05-04,10.2,8.5,12.9,,,39,14.7,,1018.2,
2017-05-05,9.3,6.9,12.7,,,38,12.6,,1019.7,
2017-05-06,12.6,5.4,19.4,,,64,15.5,,1011.1,
2017-05-07,11.9,9.4,15,,,295,12.5,,1015.3,
2017-05-08,8.3,6.2,10,,,301,10.7,,1021,
2017-05-09,8.3,1.9,13.2,,,16,9.4,,1020.8,
2017-05-10,11.1,3.9,17.3,,,,9.3,,1009.6,
2017-05-11,16.3,11.1,22.4,,,156,17.6,,998.7,
2017-05-12,16.5,12.8,20.5,,,202,18.6,,1000.9,
2017-05-13,15.8,12.6,19.8,,,208,17,,1010.5,
2017-05-14,15.1,12,19.4,,,201,16.1,,1020.5,
2017-05-15,15.4,8.3,21.6,,,239,8.7,,1028.6,
2017-05-16,20.8,16,25.8,,,220,10.7,,1027,
2017-05-17,23.4,17.5,28.7,,,160,12.6,,1018.3,
2017-05-18,17.4,14.4,22.6,,,171,10.4,,1011.3,
2017-05-19,12.3,10,17.1,,,204,16.8,,1012,
2017-05-20,12,7.8,16.4,,,213,15.6,,1020.8,
2017-05-21,14.6,8.8,19.3,,,,9.2,,1025.8,
2017-05-22,18.6,11,24.7,,,158,10.4,,1018.5,
2017-05-23,18.3,15.1,21.4,,,267,14.1,,1018.9,
2017-05-24,17.2,11.8,21.8,,,286,10.5,,1024.3,
2017-05-25,16.8,10.5,22.7,,,29,10.4,,1024.2,
2017-05-26,21.2,14.4,27.6,,,93,12.6,,1020.1,
2017-05-27,24.6,18.9,30.8,,,171,13.8,,1016.5,
2017-05-28,21.9,17.1,27.2,,,21,7.6,,1017.7,
2017-05-29,25,20.6,30.6,,,207,11.6,,1012.3,
2017-05-30,19.8,16,22.2,,,259,15.8,,1015.3,
2017-05-31,17,11.5,22.1,,,278,8.6,,1021.9,
2017-06-01,19.2,12.7,24.9,,,25,7.4,,1021.3,
2017-06-02,21.6,16.5,26.4,,,319,8.1,,1016.5,
2017-06-03,19.1,15.5,23.5,,,240,12,,1013.6,
2017-06-04,15,10.8,19.2,,,258,13.6,,1016.2,
2017-06-05,16.4,10.9,21.7,,,206,13,,1013.7,
2017-06-06,14.6,11.3,17.1,,,202,26.8,,1002.6,
2017-06-07,13.3,10.4,18.1,,,237,32.3,,1012.6,
2017-06-08,17.9,12.1,23.5,,,197,21.6,,1015.5,
2017-06-09,17.2,14,19.7,,,232,16.4,,1013,
2017-06-10,18.2,11.2,24.2,,,216,14.4,,1019.7,
2017-06-11,22.4,17.5,27.1,,,201,15.8,,1016.3,
2017-06-12,16.1,12.9,18.7,,,257,20.6,,1017.8,
2017-06-13,15.5,10.2,20,,,260,8.3,,1020.1,
2017-06-14,19.4,13,25.3,,,67,11,,1018.3,
2017-06-15,22.5,17.8,28.2,,,212,17.2,,1014.5,
2017-06-16,16.3,12.7,19,,,280,17.6,,1021.8,
2017-06-17,17.8,12.2,22.4,,,280,9.2,,1026.4,
2017-06-18,21.3,14.6,26.8,,,38,8.8,,1024.3,
2017-06-19,24.8,17.1,31.1,,,85,9.1,,1019.2,
2017-06-20,25.1,18.5,30.6,,,,8.7,,1016.4,
2017-06-21,24.3,17.1,30.4,,,29,9.3,,1016.1,
2017-06-22,27.2,18.8,34.1,,,223,19.5,,1011.6,
2017-06-23,19.5,16,24.1,,,247,19.2,,1016.3,
2017-06-24,18,13.3,22.6,,,244,21.5,,1016.7,
2017-06-25,18.6,15.7,22.1,,,250,23.6,,1013.6,
2017-06-26,18.5,15,23.3,,,290,11.3,,1013.4,
2017-06-27,18.2,15,22.3,,,43,9.5,,1007.9,
2017-06-28,19,16.7,22.2,,,194,15.4,,997.4,
2017-06-29,18.2,15.6,21.6,,,233,17.4,,997.4,
2017-06-30,17,13.7,20.4,,,204,20.7,,1004.1,
2017-07-01,14.8,13.6,16.3,,,269,15,,1010.7,
2017-07-02,15.3,12,18.8,,,256,15,,1019.7,
2017-07-03,16.5,10.1,22.4,,,231,13.7,,1022.3,
2017-07-04,17.8,13,23,,,277,9.3,,1020.9,
2017-07-05,21.5,15.9,26.7,,,264,8.1,,1018.1,
2017-07-06,20.8,15.6,29.6,,,78,10.2,,1017.2,
2017-07-07,23.5,18.5,27.9,,,250,15.8,,1015.2,
2017-07-08,21.4,16.9,25.6,,,263,10.8,,1016.8,
2017-07-09,19.6,14.7,24.6,,,2,9,,1014.3,
2017-07-10,19.7,17,24.7,,,235,12.5,,1009.2,
2017-07-11,17.5,14.1,21.7,,,224,19.8,,1012.1,
2017-07-12,16.4,13,19,,,255,17.4,,1011.8,
2017-07-13,15.2,9.5,20.8,,,34,6.2,,1022,
2017-07-14,16.4,13.1,21.9,,,283,10.5,,1018.1,
2017-07-15,16.1,10.8,20.5,,,247,10.2,,1022.9,
2017-07-16,18.5,16,21.4,,,248,11,,1023.4,
2017-07-17,18.6,16.4,22.6,,,12,9.8,,1022.3,
2017-07-18,21.8,13.8,28,,,53,14.7,,1017.6,
2017-07-19,24.7,19.8,29.2,,,154,14.7,,1009.7,
2017-07-20,20.5,15.5,24,,,235,19.8,,1009.8,
2017-07-21,18.6,12.1,25.5,,,185,8.9,,1013.2,
2017-07-22,20.4,16.4,24.4,,,201,17.6,,1011.4,
2017-07-23,15.3,13.3,17.4,,,215,21.8,,1013.8,
2017-07-24,14.8,13.1,17,,,247,12.5,,1010.7,
2017-07-25,15.3,13.1,19.2,,,298,15.2,,1011.6,
2017-07-26,17.7,14,22.7,,,261,15.3,,1010.7,
2017-07-27,17.9,15.9,20.9,,,246,17.6,,1008.4,
2017-07-28,17,13.2,21.4,,,232,20.7,,1012.5,
2017-07-29,20.9,16.9,25.9,,,204,23.4,,1011.9,
2017-07-30,21.9,18.5,24.7,,,226,22.4,,1008.6,
2017-07-31,19.6,15.9,23.9,,,208,12.2,,1013.5,
2017-08-01,17.8,15.4,20,,,,5.5,,1015.3,
2017-08-02,18.8,15.8,22.7,,,173,12.2,,1017,
2017-08-03,20,17.6,24.2,,,220,21.6,,1011.9,
2017-08-04,19,16.3,22.2,,,240,19.8,,1013.6,
2017-08-05,15.6,12.7,18.8,,,274,11.3,,1015.9,
2017-08-06,15.7,10.5,20.8,,,218,7.6,,1023,
2017-08-07,17.7,12.5,22.9,,,188,8.3,,1019.1,
2017-08-08,15.8,14.5,16.8,,,244,9.7,,1010.4,
2017-08-09,16.2,12.8,19.8,,,203,14.4,,1015.5,
2017-08-10,14.1,13,15.1,,,45,7.4,,1020.2,
2017-08-11,15.3,13.5,17.8,,,302,9.2,,1018.6,
2017-08-12,15.1,13,17.2,,,226,21.3,,1016.9,
2017-08-13,17.1,13.4,21.1,,,263,10.7,,1020.2,
2017-08-14,19.6,13.9,25.1,,,155,8.6,,1018.9,
2017-08-15,19.2,16.5,22.2,,,178,14.9,,1015.6,
2017-08-16,18.9,14.4,23.3,,,,5.6,,1020.6,
2017-08-17,18.1,15.6,20.8,,,188,18,,1016.7,
2017-08-18,16.8,13.8,18.3,,,209,14.4,,1013.9,
2017-08-19,14.1,11.5,17.9,,,226,20.9,,1018,
2017-08-20,14.4,10.7,18.5,,,246,15.6,,1023.6,
2017-08-21,16.5,13.6,19.2,,,187,7.8,,1023.7,
2017-08-22,19.1,15.8,23.3,,,,9,,1020.3,
2017-08-23,22,16.9,27.7,,,162,12.6,,1015.1,
2017-08-24,17.8,13.8,22.1,,,246,14,,1017.4,
2017-08-25,19,14.5,23.3,,,90,8.9,,1017.5,
2017-08-26,20.7,17.5,24.3,,,296,7.6,,1015.4,
2017-08-27,19.5,15.1,23.9,,,42,8.4,,1018,
2017-08-28,21.8,16.4,27.2,,,,7,,1018,
2017-08-29,24.4,19.1,29.9,,,175,9.6,,1014,
2017-08-30,21.5,17.3,24.6,,,200,12,,1008.2,
2017-08-31,14.8,12.4,18.5,,,284,12.5,,1016.3,
2017-09-01,14.8,11.6,18.9,,,242,8.1,,1020.8,
2017-09-02,13.6,10.3,17.1,,,335,6.5,,1020.5,
2017-09-03,14.4,9.1,19.4,,,175,9.5,,1017.2,
2017-09-04,14.9,12,19.3,,,162,13.7,,1015.8,
2017-09-05,19.3,15.8,24.2,,,191,16.2,,1017,
2017-09-06,16,14.1,18.8,,,253,20.8,,1017.4,
2017-09-07,14.5,12.5,17.5,,,228,17.3,,1016.8,
2017-09-08,14.5,13.7,15.1,,,206,25.8,,1005.8,
2017-09-09,13.4,12.1,15.7,,,217,16.2,,998.4,
2017-09-10,12.6,9,15.4,,,191,20.3,,1003.8,
2017-09-11,13.8,11.8,17,,,215,31,,998.6,
2017-09-12,13.5,11.1,16.8,,,231,25.5,,1006.4,
2017-09-13,13.8,11.7,15.8,,,223,35,,1003,
2017-09-14,11.1,9.9,13.5,,,242,25.7,,1005.7,
2017-09-15,11,9.8,13,,,209,14.2,,1012.6,
2017-09-16,10.8,7,14.9,,,212,11.3,,1011.6,
2017-09-17,11.3,7.4,15.8,,,197,10.1,,1013.2,
2017-09-18,10.8,8.4,15,,,217,17,,1015,
2017-09-19,11.7,9.6,14.9,,,277,11.4,,1018.5,
2017-09-20,12.6,9.2,16.1,,,233,13.4,,1021.7,
2017-09-21,13.3,8.7,18.4,,,169,11.8,,1020.4,
2017-09-22,13.5,9.7,17.9,,,208,8.7,,1021,
2017-09-23,12.5,9.4,16.2,,,30,7,,1024,
2017-09-24,13.9,7.5,19.9,,,82,7.4,,1022.3,
2017-09-25,14.4,10.1,19.5,,,84,9.3,,1020.6,
2017-09-26,15.1,12.3,19.2,,,94,6.9,,1021.3,
2017-09-27,16,12.4,20.6,,,148,8.9,,1022.2,
2017-09-28,16.8,14.9,20.6,,,178,12.2,,1022,
2017-09-29,18.8,14.5,23.4,,,180,15,,1020,
2017-09-30,13.7,9.8,19.2,,,244,11,,1018,
2017-10-01,13.1,9.4,16.5,,,178,19.2,,1019.4,
2017-10-02,15.4,13,18.5,,,226,26.6,,1014.6,
2017-10-03,11.7,9.9,14.9,,,260,17.6,,1019.9,
2017-10-04,11.3,8.9,13.8,,,230,20,,1023.4,
2017-10-05,11.7,8,14,,,257,26.9,,1015.2,
2017-10-06,9.7,8,12.5,,,274,14.5,,1021.4,
2017-10-07,9.2,8,10.6,,,223,25.8,,1020.1,
2017-10-08,11.6,10,14.3,,,275,12.6,,1017.8,
2017-10-09,11.9,9.6,15,,,228,9.9,,1020.4,
2017-10-10,13.3,12.2,14.8,,,228,18.3,,1017.4,
2017-10-11,13.9,12.5,15.5,,,215,23.6,,1017.1,
2017-10-12,14.1,11.8,15.8,,,235,20.9,,1020.8,
2017-10-13,15.3,12.5,18.7,,,210,15.5,,1025.5,
2017-10-14,16.7,13.8,21,,,181,11.1,,1026.8,
2017-10-15,17.2,13.1,22.9,,,165,15.6,,1023.4,
2017-10-16,19.3,16.1,24.8,,,177,18.8,,1021.7,
2017-10-17,15.7,13.6,17.8,,,181,7.7,,1021,
2017-10-18,15.8,11.8,20.7,,,169,12,,1013.9,
2017-10-19,16.2,12,20.8,,,155,14.7,,1010.7,
2017-10-20,13.9,11.3,16.8,,,200,24.6,,1010.6,
2017-10-21,13,11.1,15.7,,,196,23.1,,1011.9,
2017-10-22,9.5,7.3,11.5,,,225,27.3,,1013.2,
2017-10-23,10.3,8.1,13,,,235,19.2,,1020.1,
2017-10-24,13.3,11.4,15.1,,,200,18.5,,1022.2,
2017-10-25,15,13.9,16,,,226,18.2,,1022.5,
2017-10-26,14.3,13.1,15.4,,,232,11.9,,1025,
2017-10-27,11.2,9,13,,,307,11.2,,1028.2,
2017-10-28,8.7,6.7,11.3,,,249,22.1,,1024.8,
2017-10-29,9.9,3.9,13.1,,,300,21,,1017.1,
2017-10-30,6.3,3.6,9.5,,,292,7.8,,1027.6,
2017-10-31,7.6,5.7,10,,,211,12.8,,1027.8,
2017-11-01,10.2,6.2,13.9,,,193,13.7,,1022.3,
2017-11-02,9,6.9,10.6,,,221,14.1,,1015.7,
2017-11-03,9.2,7.1,12.3,,,177,9.5,,1016.4,
2017-11-04,10.5,6.4,13.7,,,183,19.7,,1008.2,
2017-11-05,7,2.7,11.6,,,266,13.2,,1011.5,
2017-11-06,5.2,1.5,8.6,,,299,7.5,,1023.8,
2017-11-07,3.5,-1.1,7.3,,,101,7,,1022.5,
2017-11-08,4.6,3.9,5.2,,,320,5.7,,1019.6,
2017-11-09,5.9,5,7.1,,,235,12.3,,1024.1,
2017-11-10,7.1,5,9.5,,,239,21.5,,1018.6,
2017-11-11,6,4.9,8,,,247,13.7,,1012.3,
2017-11-12,4.3,2.9,5.3,,,262,12.9,,1006.3,
2017-11-13,4.6,1.3,8.1,,,308,11,,1018.8,
2017-11-14,4.6,1.2,7.9,,,209,14,,1025.9,
2017-11-15,7.2,5.7,8.9,,,191,11.4,,1026.3,
2017-11-16,8,6.4,10,,,211,11,,1024.5,
2017-11-17,6.4,2.4,8.6,,,333,7.6,,1027.1,
2017-11-18,3.5,1,5.9,,,221,18.6,,1022.6,
2017-11-19,4.3,2.2,6.2,,,267,15.6,,1020.4,
2017-11-20,4.5,1.1,8.6,,,213,21.2,,1019,
2017-11-21,8.9,8.1,9.5,,,223,26.3,,1013.7,
2017-11-22,9.9,8.4,12.4,,,193,26.3,,1008.1,
2017-11-23,11.5,8.5,14.2,,,209,30.8,,1004.2,
2017-11-24,7.4,6,9.4,,,217,9.5,,1010.3,
2017-11-25,3.5,1.7,5.7,,,296,13.2,,1014,
2017-11-26,2.4,0.9,4.2,,,229,20.3,,1023,
2017-11-27,4.8,2.2,7.1,,,215,29.9,,1017.1,
2017-11-28,4.5,2.9,6.3,,,232,15.2,,1007.3,
2017-11-29,1.6,0,3.1,,,226,10.9,,,
2017-11-30,1.6,0.1,3,,,264,13.9,,1005.3,
2017-12-01,1.2,0.1,2.4,,,357,10.4,,1014.8,
2017-12-02,-0.5,-2.4,0.4,,,,6.4,,1026.9,
2017-12-03,-0.4,-2.6,1.4,,,200,14.9,,1026.7,
2017-12-04,4,1.5,6,,,247,13.4,,1031.4,
2017-12-05,4.7,3.4,5.6,,,224,16.7,,1035.9,
2017-12-06,5.6,4.8,6.5,,,215,17.4,,1032,
2017-12-07,3.9,1.4,6.1,,,204,31.4,,1016.9,
2017-12-08,2,0.1,5.3,,,252,22.5,,1012.1,
2017-12-09,-0.2,-1.6,0.9,,,233,23.3,,1014.8,
2017-12-10,2.5,-0.6,6.3,,,198,32.1,,988.8,
2017-12-11,3.6,-0.7,7.6,,,122,17.7,,979.8,
2017-12-12,1,-0.5,1.8,,,243,19.2,,1006.1,
2017-12-13,3.5,0.6,6.7,,,197,31.4,,1003.5,
2017-12-14,2.8,0.9,4.7,,,229,28.4,,993.8,
2017-12-15,2.7,2.1,3.6,,,214,13.7,,995.9,
2017-12-16,2.2,1,3.4,,,284,13.2,,1012.4,
2017-12-17,1.1,-0.9,3,,,234,16,,1023.4,
2017-12-18,4.3,0.4,6.3,,,314,17.9,,1023.3,
2017-12-19,4,2.4,5.4,,,266,8.8,,1034.6,
2017-12-20,6,4.9,6.8,,,260,9,,1034.6,
2017-12-21,7.5,6.3,8.6,,,241,10.8,,1035.5,
2017-12-22,8.5,8,8.9,,,271,11.4,,1035,
2017-12-23,7.9,7.3,8.7,,,239,17.1,,1034.8,
2017-12-24,7.7,7.2,8,,,232,24.2,,1027.9,
2017-12-25,5.2,2.5,6.9,,,205,24.5,,1017.8,
2017-12-26,4.9,2.9,5.8,,,205,29.1,,1002,
2017-12-27,4.7,2.7,6.1,,,198,20.3,,985.9,
2017-12-28,1.4,0.2,2.5,,,257,20,,1000.8,
2017-12-29,1.5,-0.1,4.6,,,200,23.7,,1004.2,
2017-12-30,8.3,3.3,12,,,224,29,,1001.7,
2017-12-31,11.5,8.8,12.9,,,217,36.3,,1002.8,
2018-01-01,5.4,3.8,6.9,,,218,29.1,,1001.5,
2018-01-02,5.5,4.4,7.2,,,230,26.7,,1009.6,
2018-01-03,7.8,5.8,10.5,,,242,40.2,,996.9,
2018-01-04,7.8,5.9,11.5,,,231,29.6,,998,
2018-01-05,7.3,4.5,9.3,,,221,24.5,,998.8,
2018-01-06,5,3.9,6.7,,,137,11.3,,1007.8,
2018-01-07,3,1.8,4.3,,,47,25.5,,1021.4,
2018-01-08,3,1.2,6.3,,,60,16.7,,1021.1,
2018-01-09,4,0.6,7.8,,,136,10.1,,1011.1,
2018-01-10,6.9,6.1,8,,,185,16.1,,1009.2,
2018-01-11,6.1,4.9,7.4,,,51,6.5,,1016.4,
2018-01-12,4.6,1.2,5.9,,,15,5.4,,1026.1,
2018-01-13,1.9,-1.8,5.6,,,123,8.6,,1024.2,
2018-01-14,3.4,1.6,5.5,,,133,13.7,,1019.7,
2018-01-15,4.7,2.9,7.4,,,194,31.7,,1007.3,
2018-01-16,5.1,3,6,,,245,29.6,,995.8,
2018-01-17,2.5,0.2,3.8,,,251,29.1,,1003.3,
2018-01-18,5.3,1,9.5,,,246,29.9,,1001.6,
2018-01-19,2.3,1.1,4,,,235,19.9,,1009.1,
2018-01-20,1.5,0.1,2.6,,,203,15.6,,1005.3,
2018-01-21,1.7,-0.1,3.5,,,231,14.7,,1013.9,
2018-01-22,6.3,2.5,8.3,,,262,14.6,,1010.7,
2018-01-23,7.2,5.3,8.9,,,212,22.4,,1021.7,
2018-01-24,10.8,9,12.2,,,203,31.2,,1016.3,
2018-01-25,7.3,5.9,10.9,,,212,17,,1013,
2018-01-26,5.7,4.6,7.2,,,218,9.3,,1018.9,
2018-01-27,4.8,3.2,7.5,,,224,16.1,,1030.3,
2018-01-28,7,3.8,9.3,,,222,27,,1032.1,
2018-01-29,8.5,5.8,9,,,242,28.8,,1029.2,
2018-01-30,5.1,1.8,7.5,,,222,10.2,,1028.9,
2018-01-31,7,3.2,8.8,,,223,29.1,,1009.4,
2018-02-01,2,1.1,4.4,,,224,21.8,,1002.4,
2018-02-02,2.3,0.5,3.9,,,255,19.5,,1005.4,
2018-02-03,1.8,0.8,2.5,,,232,9.3,,1008.2,
2018-02-04,-0.6,-2,1,,,12,14.1,,1018.9,
2018-02-05,-0.9,-2.9,1.9,,,54,17.1,,1024.2,
2018-02-06,-2.3,-3.4,-1.7,,,45,11.9,,1015,
2018-02-07,-3.2,-5.1,-1,,,8,6.3,,1017.2,
2018-02-08,-3.4,-7.5,0.7,,,188,6.6,,1021.4,
2018-02-09,-1.5,-4.1,0.5,,,178,21,,1015,
2018-02-10,1.3,0.4,3.8,,,219,19.8,,1015.6,
2018-02-11,2.6,0.1,5.2,,,229,27.9,,1004.8,
2018-02-12,1,-0.1,3.2,,,243,20,,1014.6,
2018-02-13,1.1,-1.1,4.1,,,168,19.1,,1012.9,
2018-02-14,1.3,-2.5,4.6,,,158,19.3,,1014.1,
2018-02-15,4.3,1.3,8,,,200,22.5,,1012.7,
2018-02-16,3.5,0.6,6.7,,,239,11.1,,1025.6,
2018-02-17,2.3,0.2,5.6,,,82,9.3,,1023.4,
2018-02-18,2.4,-0.3,6.7,,,168,12.8,,1025.9,
2018-02-19,0.8,-1.3,2.8,,,176,12.3,,1020.5,
2018-02-20,1.4,-0.8,4.1,,,34,7.5,,1018.8,
2018-02-21,-0.7,-4.1,3.3,,,29,12.2,,1024.2,
2018-02-22,-0.8,-3.8,2.8,,,49,20.3,,1022.6,
2018-02-23,-1.5,-4.8,2.1,,,57,17.6,,1020.9,
2018-02-24,-0.9,-5,4.8,,,68,23.3,,1022.2,
2018-02-25,-3,-5.7,0,,,64,21,,1027.3,
2018-02-26,-5.5,-7.3,-3,,,46,20.4,,1028.3,
2018-02-27,-6,-8.7,-2.6,,,39,19.4,,1022.3,
2018-02-28,-6.5,-9.7,-3,,,82,17.1,,1018.1,
2018-03-01,-3.5,-7.3,0.9,,,77,21,,1004.7,
2018-03-02,-2.5,-3.4,-1.5,,,86,17.9,,996.1,
2018-03-03,1.2,-2,6.2,,,121,12.3,,995.9,
2018-03-04,6.3,2.7,11.6,,,161,17.6,,995,
2018-03-05,7.2,4.4,11.5,,,166,15,,994.3,
2018-03-06,7.1,5.1,10.2,,,179,11.4,,991.5,
2018-03-07,4.9,3.8,7,,,186,17.3,,995.2,
2018-03-08,4.1,2.1,6.7,,,207,24.8,,1002,
2018-03-09,5.8,2.8,8.7,,,185,14.3,,1006.3,
2018-03-10,11.4,9.2,13.7,,,182,19.8,,1000.8,
2018-03-11,11.9,9.9,14.7,,,167,18.8,,994.7,
2018-03-12,10,7.7,11.8,,,196,23.1,,993.2,
2018-03-13,5.5,4.2,7.9,,,255,23,,1004.2,
2018-03-14,7.1,2.9,11.1,,,164,12.6,,1010.1,
2018-03-15,7.5,6,9.5,,,138,17.1,,996.5,
2018-03-16,7.2,2.6,11.6,,,212,14.1,,1000.9,
2018-03-17,-1.3,-2.7,1.9,,,55,24.9,,1003.9,
2018-03-18,-2.2,-3.2,-0.4,,,69,22.8,,1007.4,
2018-03-19,-1.2,-2.9,1.6,,,56,18.3,,1012.2,
2018-03-20,0.7,-5.2,7.4,,,354,14.1,,1021.5,
2018-03-21,0.7,-2.5,6.1,,,,7.3,,1030.1,
2018-03-22,3.8,1.7,6.1,,,253,16.1,,1019.3,
2018-03-23,4.6,3.6,6,,,206,17.6,,1008.3,
2018-03-24,7.1,3.6,12.3,,,110,8.7,,1001.8,
2018-03-25,8,2.8,12.1,,,41,8.8,,1007.4,
2018-03-26,6.3,2.7,9.6,,,319,8.3,,1016.2,
2018-03-27,5.3,2.4,8.2,,,184,16.7,,1012.2,
2018-03-28,6.9,3.4,9.4,,,233,22.8,,1003.2,
2018-03-29,6.2,3,10.1,,,219,17.1,,1006.1,
2018-03-30,8.4,5.7,13.2,,,155,16.5,,1000.7,
2018-03-31,7.5,3.9,12.3,,,204,14.3,,999.9,
2018-04-01,5.6,4.6,6.9,,,263,15.8,,1008.9,
2018-04-02,8.6,4.1,14.4,,,165,17.9,,1007.2,
2018-04-03,11.5,9.2,14.8,,,188,24.9,,1001,
2018-04-04,10.6,8.1,13.3,,,189,22.2,,1001.1,
2018-04-05,7.2,4.8,9.3,,,269,20.2,,1012.4,
2018-04-06,8.9,2.4,16,,,135,15.8,,1018.1,
2018-04-07,15.5,9.7,21.9,,,161,16.5,,1009.7,
2018-04-08,17.3,10.7,23.1,,,129,8.3,,1007,
2018-04-09,13.5,10.1,16.3,,,355,9.5,,1004.8,
2018-04-10,14.1,11.3,19.1,,,163,13.4,,1002.9,
2018-04-11,10.3,7.8,13.4,,,102,10,,1006.3,
2018-04-12,10.2,5.3,14.4,,,28,9.1,,1001.4,
2018-04-13,11.4,7,14.5,,,180,9.7,,1007.5,
2018-04-14,12.9,6.7,17.1,,,174,8.4,,1016.8,
2018-04-15,13.6,10.5,16.9,,,186,13.7,,1013.4,
2018-04-16,13,9.4,15.5,,,255,9.8,,1015.6,
2018-04-17,14,7.4,20.5,,,198,9.8,,1024.6,
2018-04-18,17.7,9.8,24.3,,,111,9.7,,1029.4,
2018-04-19,21.8,16.1,27.6,,,156,12.8,,1025.7,
2018-04-20,20.9,14.8,26.2,,,209,10.5,,1023,
2018-04-21,17.4,11.6,22.5,,,355,7.7,,1020.9,
2018-04-22,20,14.9,25.6,,,188,17,,1012.7,
2018-04-23,14.6,11.3,18.7,,,246,17.3,,1015.9,
2018-04-24,11.8,7.5,16.3,,,230,19.2,,1017.2,
2018-04-25,13,8.7,14.7,,,247,23.9,,1012.3,
2018-04-26,9.8,7.2,13.7,,,244,22.8,,1017.2,
2018-04-27,11.8,5.4,18.2,,,179,14,,1011.8,
2018-04-28,13,11.1,15.3,,,207,18.6,,1010.5,
2018-04-29,11.6,7.2,17.8,,,36,11.1,,1006.9,
2018-04-30,9.8,4.7,12,,,194,27.3,,999.9,
2018-05-01,7.9,4.2,12.5,,,229,23.9,,1011.1,
2018-05-02,11,5.2,16.5,,,189,17.7,,1012.3,
2018-05-03,11.5,7.6,14.6,,,339,9.9,,1017.4,
2018-05-04,11.7,4.5,17.5,,,28,12,,1022.4,
2018-05-05,14.4,7.6,20.9,,,42,16.8,,1023.4,
2018-05-06,18,9.6,24.4,,,68,11.3,,1021.6,
2018-05-07,19.5,14,24,,,85,12.8,,1017.8,
2018-05-08,20.7,15.2,25.9,,,99,9.5,,1010.4,
2018-05-09,19.1,12,23.9,,,259,9.9,,1007.1,
2018-05-10,12.6,10.4,15.3,,,286,12.6,,1012.9,
2018-05-11,13.3,6.9,19.3,,,,6.5,,1019,
2018-05-12,17.6,11.4,23.2,,,136,11.1,,1013.5,
2018-05-13,12.6,11.3,18.6,,,290,12.5,,1012.8,
2018-05-14,13.3,10.1,19.8,,,321,11.9,,1013,
2018-05-15,16.1,11.3,22,,,351,9.5,,1015.1,
2018-05-16,15.2,11.6,19.9,,,334,9.8,,1016.8,
2018-05-17,12.1,7.9,16.9,,,342,13.8,,1022.3,
2018-05-18,10.5,6.8,15.4,,,349,10.1,,1023.3,
2018-05-19,9.8,4.4,15.3,,,3,8,,1023.1,
2018-05-20,13.1,6.2,22.1,,,37,9.6,,1021.5,
2018-05-21,16.9,13.2,23.7,,,70,8.6,,1014.9,
2018-05-22,16.3,13.4,22,,,153,7.8,,1012.7,
2018-05-23,16.6,13.1,20.3,,,29,7.4,,1018,
2018-05-24,17,13.2,22.5,,,78,8,,1018,
2018-05-25,19.3,13.9,24.6,,,136,7.8,,1017.6,
2018-05-26,22.6,17,28.8,,,103,10.1,,1018.2,
2018-05-27,22.6,19.8,26.5,,,124,11.7,,1017.1,
2018-05-28,22.7,17.5,27.1,,,68,10.2,,1016.7,
2018-05-29,20.3,17.5,24.1,,,236,11.4,,1013.5,
2018-05-30,21.2,16,26.3,,,182,11.1,,1013.4,
2018-05-31,21.1,15.7,25.8,,,199,8.3,,1014.4,
2018-06-01,17,15.6,19.1,,,263,11.1,,1017.4,
2018-06-02,16.4,14.5,18.3,,,243,11.3,,1019.4,
2018-06-03,18.4,13.2,23.4,,,42,7.8,,1018.5,
2018-06-04,20.1,14.7,24.8,,,31,11,,1013.5,
2018-06-05,16.4,14.1,18.8,,,31,12.9,,1013.6,
2018-06-06,19.5,12.2,26.4,,,27,8.3,,1012.5,
2018-06-07,20.4,17.8,22.4,,,218,8.4,,1014.7,
2018-06-08,19.2,17,22.3,,,338,7.8,,1014.5,
2018-06-09,19,15.9,23,,,314,6,,1013.7,
2018-06-10,19.4,16.5,23.1,,,356,6.9,,1012.4,
2018-06-11,17.4,14.8,21.1,,,38,12.8,,1011.7,
2018-06-12,14.9,13,16.6,,,30,12,,1012.8,
2018-06-13,13.7,10.6,16.8,,,333,9.5,,1017.1,
2018-06-14,15.2,11.2,19.9,,,197,15.3,,1016.3,
2018-06-15,17.6,13.1,22,,,236,8.9,,1016.7,
2018-06-16,17,13.5,20.9,,,242,9.9,,1015.9,
2018-06-17,15.2,13.1,16.9,,,239,14.9,,1018.6,
2018-06-18,17.6,14.9,20.7,,,224,16.8,,1020.9,
2018-06-19,17.1,13.6,19.6,,,244,13.5,,1024.2,
2018-06-20,21,15.9,26.1,,,254,9.6,,1021.5,
2018-06-21,15.3,10,18.4,,,288,17.9,,1020.9,
2018-06-22,11.9,7.1,15.7,,,294,16.1,,1027.4,
2018-06-23,12.8,7.1,17.9,,,302,6.9,,1027.9,
2018-06-24,14.7,10.2,18.8,,,330,9,,1023.8,
2018-06-25,16.3,12.7,21.3,,,346,8.7,,1024.7,
2018-06-26,15.9,11,21.4,,,19,9.6,,1025.3,
2018-06-27,18.8,11.8,25.3,,,33,11.6,,1023.6,
2018-06-28,20.8,13.3,26,,,45,14.4,,1021.6,
2018-06-29,21.1,14.4,26.9,,,29,13.2,,1018.3,
2018-06-30,21.6,14.3,28.4,,,29,13.7,,1014.5,
2018-07-01,23.1,18.3,27.1,,,86,15.3,,1013.9,
2018-07-02,21.8,15.5,27,,,65,15.9,,1014.4,
2018-07-03,22.2,14.4,28,,,39,8,,1015.7,
2018-07-04,23.1,19.2,26.5,,,220,8.4,,1013.9,
2018-07-05,20.9,15.9,25.3,,,303,9,,1014.2,
2018-07-06,19.9,13.8,25.4,,,336,6.9,,1020,
2018-07-07,21.2,15.5,26.2,,,336,8.7,,1023.1,
2018-07-08,19.4,13.4,24.8,,,23,10.8,,1024.3,
2018-07-09,18.6,13.1,23.6,,,356,10.7,,1023.4,
2018-07-10,15.2,13.6,18.3,,,313,15.5,,1019.7,
2018-07-11,16.5,10.3,21.9,,,324,9.8,,1018.3,
2018-07-12,18.9,14.5,24.4,,,329,8.6,,1019,
2018-07-13,19.8,13.4,25.7,,,348,6.9,,1020.5,
2018-07-14,20.8,14.4,26.7,,,0,7.4,,1019.5,
2018-07-15,22.7,16.5,28.2,,,53,9.3,,1016.2,
2018-07-16,23.8,17.5,29.1,,,48,8.6,,1013.2,
2018-07-17,21.7,17.5,26.3,,,274,13.2,,1015.3,
2018-07-18,20.2,14.4,25.3,,,295,8.3,,1018.5,
2018-07-19,20.8,14.6,26.6,,,309,6.9,,1018,
2018-07-20,20.5,15.2,26.3,,,346,7.5,,1014.3,
2018-07-21,21.3,16.2,27.2,,,291,7.5,27.8,1011.9,
2018-07-22,20.9,13.4,26.9,,,302,7.5,24.1,1015.3,
2018-07-23,23.4,18.9,27.6,,,281,6.2,24.1,1017.1,
2018-07-24,25.5,19.4,31,,,105,8.1,22.2,1014.4,
2018-07-25,24.9,19.2,32.2,,,11,9.3,25.9,1014.9,
2018-07-26,27,20.5,33.8,,,92,7.7,27.8,1013.8,
2018-07-27,29.5,24.3,34.9,,,118,9.8,29.6,1010.6,
2018-07-28,23.1,19,27.7,,,266,15.2,38.9,1009.1,
2018-07-29,22.5,16.5,28.2,,,181,18.5,44.5,1012.9,
2018-07-30,25.7,20.5,30.7,,,201,13.5,35.2,1014.5,
2018-07-31,24.3,20.1,28.7,,,255,12.9,37,1016.7,
2018-08-01,22.5,15.9,29.1,,,23,8,25.9,1020.4,
2018-08-02,23.7,16,30.7,,,306,6.9,24.1,1022,
2018-08-03,25.6,17.5,32.8,,,358,8.1,25.9,1020.9,
2018-08-04,25,19,31.6,,,343,10.2,33.3,1019.4,
2018-08-05,21.5,16.8,27.3,,,21,12.9,29.6,1021.9,
2018-08-06,25.6,17,33.2,,,123,8.4,27.8,1015.6,
2018-08-07,27.8,19.5,34.8,,,199,8.9,31.5,1009.5,
2018-08-08,21.8,18.2,28.5,,,233,19.4,40.8,1011.7,
2018-08-09,18.5,14.9,22.8,,,142,17.9,61.1,1012,
2018-08-10,17.1,12.7,21.4,,,219,23.4,46.3,1021.3,
2018-08-11,17.6,13.1,21.4,,,264,13.9,31.5,1022.5,
2018-08-12,20.5,13.9,26.8,,,175,13.1,33.3,1015.7,
2018-08-13,18.5,15.9,21.6,,,206,16.8,40.8,1007.9,
2018-08-14,17.6,15.1,20.4,,,259,14.4,29.6,1015,
2018-08-15,18,14.4,22,,,226,14.3,29.6,1019.8,
2018-08-16,19.8,14.6,26.5,,,204,9.5,27.8,1016.5,
2018-08-17,17.6,15.2,21.3,,,341,8.4,20.4,1018.2,
2018-08-18,17.5,12.3,22.8,,,250,8.6,27.8,1022.8,
2018-08-19,19,14.3,24.8,,,225,12.6,33.3,1021.6,
2018-08-20,19.4,17.6,22.3,,,275,8.9,22.2,1020.2,
2018-08-21,21.2,17.8,25.3,,,341,4.4,14.8,1020.2,
2018-08-22,20.6,15.7,25.9,,,256,6.6,20.4,1017.6,
2018-08-23,19.8,16,23,,,245,11.2,31.5,1014.1,
2018-08-24,16.4,14.2,20.1,,,255,18.8,35.2,1013.2,
2018-08-25,13.3,10.3,16.3,,,256,19,37,1013,
2018-08-26,13.8,8.5,18.4,,,194,14.6,40.8,1016,
2018-08-27,16.3,13.6,19.6,,,231,23,44.5,1012.6,
2018-08-28,17.5,14.4,22.4,,,189,7.4,25.9,1018.8,
2018-08-29,17.8,14.3,22.9,,,184,12,35.2,1013.4,
2018-08-30,15.7,13.2,18.6,,,312,10.5,25.9,1021.2,
2018-08-31,14.3,10.9,18.7,,,17,8.4,27.8,1023.2,
2018-09-01,14.6,9.2,20.2,,,49,8.7,27.8,1026.1,
2018-09-02,16.6,9.1,22.9,,,59,9.9,40.8,1024.1,
2018-09-03,18.1,15.3,20.7,,,21,8.1,22.2,1018.4,
2018-09-04,19.6,16.6,24,,,356,6.6,20.4,1016.6,
2018-09-05,19.1,16.3,25.1,,,323,6.5,20.4,1016.8,
2018-09-06,17,14.8,19.7,,,295,7.3,22.2,1013.7,
2018-09-07,14.3,10.7,17.7,,,245,14.9,31.5,1015,
2018-09-08,14,9.2,19,,,221,14.1,33.3,1020.3,
2018-09-09,17.9,13.4,22.8,,,176,10.8,27.8,1020.6,
2018-09-10,17.8,13.9,22.2,,,237,11.6,31.5,1022.2,
2018-09-11,19.1,13.8,25.5,,,223,18.9,46.3,1022.8,
2018-09-12,17.6,14.5,22.7,,,255,13.1,33.3,1021.3,
2018-09-13,14.3,12.8,16.7,,,13,9.2,22.2,1021.4,
2018-09-14,13.9,8.6,19,,,271,8.5,27.8,1021.6,
2018-09-15,14.8,10.5,18.4,,,244,10.6,27.8,1024.3,
2018-09-16,16.7,11,23,,,161,10.1,29.6,1022.3,
2018-09-17,18.5,12,25,,,171,9.2,31.5,1018.6,
2018-09-18,22,18.8,27.8,,,204,19.2,44.5,1013.4,
2018-09-19,20.1,16,25.2,,,210,18.9,48.2,1017.6,
2018-09-20,19.7,16.2,24.2,,,195,19.5,44.5,1016.5,
2018-09-21,16.2,12.5,19.8,,,226,29.3,55.5,1010.2,
2018-09-22,11.3,9.5,14.6,,,221,16.8,44.5,1020.6,
2018-09-23,10.6,8.3,12.2,,,18,11.7,35.2,1013.9,
2018-09-24,9.4,5.9,13.5,,,287,10.7,35.2,1033.5,
2018-09-25,9,3.4,14.4,,,110,7.7,22.2,1038.6,
2018-09-26,12.2,6.4,18.2,,,197,6.9,25.9,1034.4,
2018-09-27,14.3,8.3,21.9,,,187,10.5,31.5,1028.2,
2018-09-28,10.7,7.6,12.8,,,7,9.6,29.6,1025.9,
2018-09-29,8.9,3.3,14.1,,,55,10.1,35.2,1028.2,
2018-09-30,10,4.5,15.1,,,232,7.8,27.8,1019,
2018-10-01,9.3,6.9,12.1,,,297,11.7,35.2,1020.2,
2018-10-02,9.6,6.2,14.1,,,227,21.5,46.3,1021.1,
2018-10-03,12.2,9,15,,,281,11.6,29.6,1025.5,
2018-10-04,12.9,9.2,17.7,,,163,8.1,27.8,1026.9,
2018-10-05,15.4,10.6,21.9,,,170,10.8,31.5,1018.7,
2018-10-06,17.5,13.1,23.1,,,190,14.7,37,1009.7,
2018-10-07,11.9,9.1,15.2,,,30,14.1,33.3,1017.4,
2018-10-08,10,5.1,15.4,,,218,4.8,14.8,1022.6,
2018-10-09,13.1,7.6,20.2,,,131,6.4,22.2,1021.7,
2018-10-10,16.8,10.6,23.9,,,114,8.7,27.8,1016.4,
2018-10-11,18.6,16.1,23.1,,,162,16.2,33.3,1011.6,
2018-10-12,19.1,15.3,23.4,,,182,17.1,44.5,1017.9,
2018-10-13,20.7,17.2,24.8,,,162,15.8,44.5,1017.8,
2018-10-14,19.9,16.1,24.4,,,170,20.1,50,1009.7,
2018-10-15,19.4,16.7,22.9,,,180,15.6,35.2,1012.1,
2018-10-16,17.3,11.4,23.9,,,156,7.8,27.8,1018,
2018-10-17,15.3,12,18.9,,,55,8.1,27.8,1019.4,
2018-10-18,12.9,11.2,15.8,,,18,11.1,29.6,1023.3,
2018-10-19,12,9.3,15.3,,,35,9.3,25.9,1024.6,
2018-10-20,8.8,4,13,,,37,5,20.4,1030.4,
2018-10-21,9.8,4.7,15.9,,,118,5.5,25.9,1029,
2018-10-22,10.2,6.9,12.6,,,356,8.1,35.2,1031,
2018-10-23,8.7,4.8,12.9,,,248,17.9,44.5,1029,
2018-10-24,12.6,10.7,14.9,,,285,15,31.5,1025.7,
2018-10-25,11.2,9.8,12.2,,,254,12,35.2,1021.2,
2018-10-26,8.7,6.4,10.1,,,233,16.1,37,1011,
2018-10-27,5.3,2.7,8.6,,,247,11,27.8,1009.6,
2018-10-28,3.8,2,5.4,,,38,20.2,42.6,1013.7,
2018-10-29,3.7,2.5,5.2,,,31,18.6,35.2,1003.4,
2018-10-30,4.6,2.5,7.6,,,227,24.8,64.8,991.8,
2018-10-31,7.3,3.8,10.6,,,156,14.6,46.3,1011.8,
2018-11-01,9.8,8.5,11.5,,,168,16.1,37,1010.2,
2018-11-02,7.1,3.4,9.4,,,243,12.6,35.2,1022.6,
2018-11-03,4.4,0.7,9.6,,,133,8.1,22.2,1028.4,
2018-11-04,8,4.2,13.5,,,139,9.8,29.6,1016.2,
2018-11-05,10,6.3,13,,,158,12.5,29.6,1008.1,
2018-11-06,13.5,9.6,17.5,,,155,12.4,35.2,1006.3,
2018-11-07,11.2,8.9,13.9,,,173,19.3,42.6,1008.2,
2018-11-08,10,7.3,12.7,,,164,12.2,33.3,1019,
2018-11-09,10.3,6.6,13.1,,,156,14.3,33.3,1012.5,
2018-11-10,12.1,11.3,14,,,183,24,46.3,1003.1,
2018-11-11,11.2,10.2,12.7,,,191,24.2,50,1006.6,
2018-11-12,10,8.8,10.9,,,202,11.9,35.2,1014.2,
2018-11-13,9.8,8.1,12.2,,,210,21,48.2,1024.5,
2018-11-14,8.3,5.6,11.4,,,155,13.3,40.8,1028.1,
2018-11-15,8.4,4.2,13.6,,,150,16.4,29.6,1025,
2018-11-16,5.2,2.5,10.7,,,139,7.5,31.5,1027.2,
2018-11-17,4.2,0.2,9.4,,,67,12.2,35.2,1028.6,
2018-11-18,2,-1.4,5.9,,,52,19.3,33.3,1027.1,
2018-11-19,2.1,-1,4.8,,,48,22.2,42.6,1018.2,
2018-11-20,2.8,1.8,3.9,,,89,17.7,40.8,1007.9,
2018-11-21,3.7,1.2,5.7,,,86,8.7,24.1,1014.6,
2018-11-22,2.4,0.2,6.1,,,136,9,27.8,1019,
2018-11-23,6.1,2.8,12.2,,,126,12.5,33.3,1016.4,
2018-11-24,4.8,2.8,6,,,190,8.8,29.6,1010.9,
2018-11-25,4,2.9,5.8,,,59,11.4,24.1,1010.3,
2018-11-26,4.2,3.1,5.4,,,41,12.3,25.9,1011.2,
2018-11-27,3.5,2.6,4.5,,,75,7.5,29.6,1019.2,
2018-11-28,6.2,4.3,8.3,,,171,26,50,1018,
2018-11-29,9.8,9,10.7,,,177,24.6,46.3,1012.7,
2018-11-30,9.2,7.1,10.5,,,205,19.3,38.9,1011.9,
2018-12-01,7,5.3,8.8,,,191,24.2,53.7,1012.1,
2018-12-02,11.5,8.8,13.8,,,215,27.7,50,1002,
2018-12-03,11.8,10,12.8,,,237,24.3,44.5,1002.6,
2018-12-04,6.3,3.7,9,,,268,10.7,37,1019.9,
2018-12-05,6.3,3.2,8.8,,,153,17.3,38.9,1021.6,
2018-12-06,10.7,9.1,11.8,,,218,21.3,40.8,1016.7,
2018-12-07,9.5,5.7,11.6,,,219,30.6,59.3,1008.8,
2018-12-08,7.5,5.4,9.7,,,231,36.8,66.7,1005.6,
2018-12-09,7.4,5.3,8.7,,,271,28.1,64.8,1004.9,
2018-12-10,4,1.5,6.3,,,272,16.5,37,1023.3,
2018-12-11,3.1,1.3,5.2,,,272,9.8,24.1,1025.7,
2018-12-12,0.8,-1.9,2.9,,,128,6.9,25.9,1025.4,
2018-12-13,-0.4,-3.5,2,,,65,13.8,33.3,1020.6,
2018-12-14,-0.3,-2.1,1.4,,,88,9.8,40.8,1022.9,
2018-12-15,-0.5,-0.8,0,,,151,13.5,42.6,1022.5,
2018-12-16,1.4,-1.3,4.3,,,176,17,50,1011.9,
2018-12-17,5.5,4,7.6,,,206,19.8,35.2,1019.1,
2018-12-18,5.9,5,7,,,170,21.8,44.5,1020.1,
2018-12-19,7.2,6.2,8.7,,,189,20.6,53.7,1011.8,
2018-12-20,7,6.2,7.7,,,204,23.6,46.3,1012.4,
2018-12-21,9.9,7.5,13.1,,,221,34.8,66.7,1006.5,
2018-12-22,9.1,7.4,10,,,248,26,55.5,1015.1,
2018-12-23,8.7,7.2,11.2,,,229,20.4,38.9,1018.9,
2018-12-24,4.5,0.6,6.6,,,325,9.3,31.5,1029.8,
2018-12-25,0.3,-2.3,3.7,,,171,9.2,20.4,1037,
2018-12-26,0.2,-2.7,3.8,,,162,7.2,20.4,1033.4,
2018-12-27,2.6,1.1,5.2,,,180,8.2,25.9,1027.8,
2018-12-28,0.8,-1,2.7,,,217,8.1,22.2,1030.4,
2018-12-29,3.6,0.7,6.8,,,212,17.7,42.6,1032.9,
2018-12-30,6,3.6,7.4,,,254,13.5,31.5,1034.3,
2018-12-31,7.6,6.8,8.2,,,276,9.5,22.2,1034.8,
2019-01-01,5.9,4.2,7,,,279,16.8,33.3,1032.2,
2019-01-02,2.8,0.5,4.6,,,316,11.7,27.8,1037.5,
2019-01-03,2.7,1.9,3.9,,,310,7.8,18.5,1040.2,
2019-01-04,1.8,0.9,3.3,,,288,9.8,25.9,1039.1,
2019-01-05,4.1,2,5.1,,,291,14.9,27.8,1034.4,
2019-01-06,3.4,2.5,4.1,,,285,10.8,25.9,1034.8,
2019-01-07,4.5,2.1,6.9,,,230,15.3,42.6,1032.6,
2019-01-08,5.4,3.8,7.8,,,288,22.4,48.2,1020.8,
2019-01-09,3,1.6,4.9,,,325,16.8,35.2,1020.9,
2019-01-10,0.4,-0.7,1.5,,,324,6.8,22.2,1027.4,
2019-01-11,3.2,0.1,6.2,,,263,12.5,24.1,1026.4,
2019-01-12,5.3,4.2,6.6,,,261,20.7,44.5,1021.6,
2019-01-13,7.2,6,8.1,,,269,23.9,50,1010.2,
2019-01-14,4.6,2.5,7.2,,,300,15.2,38.9,1015.5,
2019-01-15,4.4,2.7,6.1,,,236,20.4,38.9,1020.9,
2019-01-16,4.7,4.2,5.3,,,211,24.8,48.2,1011.3,
2019-01-17,3,0.1,4.8,,,248,23,50,1006.7,
2019-01-18,0.7,-1.1,3.3,,,209,9.8,27.8,1019.5,
2019-01-19,-0.2,-1.6,3.1,,,134,12,29.6,1016,
2019-01-20,-2.3,-6,1,,,86,9.9,25.9,1016.8,
2019-01-21,-3,-6.3,0.7,,,195,5.4,20.4,1022.8,
2019-01-22,-3,-4.3,-1.7,,,173,21.8,48.2,1008.5,
2019-01-23,-2.1,-3.5,-0.9,,,61,11.3,29.6,1000.1,
2019-01-24,-2.7,-4,-0.7,,,322,8.4,20.4,1011.4,
2019-01-25,0,-2.3,2.1,,,209,17.3,40.8,1015.2,
2019-01-26,5,2.5,6.3,,,221,24.2,48.2,1007.8,
2019-01-27,4.5,1.4,6,,,230,25.6,48.2,989.8,
2019-01-28,1.7,0.1,4.1,,,270,26.1,53.7,998.2,
2019-01-29,0.9,-0.4,2.6,,,200,17.1,37,1004.7,
2019-01-30,-0.6,-1.8,1,,,239,12.5,31.5,994.1,
2019-01-31,-2,-3.5,-0.1,,,155,11.7,27.8,996,
2019-02-01,2.5,-0.4,5.5,,,147,13.4,37,988.8,
2019-02-02,0.9,0,3.3,,,354,7.8,20.4,998.3,
2019-02-03,1.5,-0.1,4.3,,,317,10.4,24.1,1020.5,
2019-02-04,1.3,-0.6,3,,,191,24.3,46.3,1026.7,
2019-02-05,3.2,1,5.7,,,195,14.6,38.9,1027.5,
2019-02-06,4.5,1.8,7,,,177,22.1,42.6,1023,
2019-02-07,6.5,4.4,8.4,,,213,26.9,51.8,1012.2,
2019-02-08,6.7,4.4,8.1,,,200,30.8,61.1,1011,
2019-02-09,7.5,6.5,9,,,220,33.5,64.8,1006.6,
2019-02-10,6.7,3.8,8.6,,,224,31.6,63,997.7,
2019-02-11,3.5,0.5,6.1,,,276,16.8,51.8,1020.1,
2019-02-12,2.4,-1.3,6.8,,,223,13.4,25.9,1035.3,
2019-02-13,3.2,0.2,6.9,,,180,10.6,25.9,1037.1,
2019-02-14,7.9,2.9,15,,,148,11.7,38.9,1035.1,
2019-02-15,10.6,5.5,17.5,,,159,10.4,27.8,1030.7,
2019-02-16,10.2,6.2,15.3,,,184,12.9,31.5,1026.4,
2019-02-17,10.5,6.3,17.2,,,168,17.3,38.9,1021.8,
2019-02-18,10.2,7,15.1,,,177,17.6,31.5,1018.3,
2019-02-19,7.2,5.5,10.2,,,240,17.3,37,1020.3,
2019-02-20,6.6,3.4,10.7,,,207,14.3,33.3,1023.8,
2019-02-21,9.3,6.2,12.5,,,231,13.5,27.8,1028,
2019-02-22,8.2,6.6,10.6,,,329,7.1,18.5,1035.7,
2019-02-23,8.1,4.4,13.5,,,116,9.8,31.5,1037,
2019-02-24,9.1,3,16,,,97,9.6,24.1,1037,
2019-02-25,10.6,5.8,16.3,,,84,9.5,25.9,1037.2,
2019-02-26,11.8,6,18,,,115,8.9,24.1,1034,
2019-02-27,13,8.8,19.5,,,195,11.6,31.5,1026.4,
2019-02-28,9,6.5,11.1,,,221,19.1,44.5,1018.3,
2019-03-01,6.3,5,8.3,,,273,15,37,1016.5,
2019-03-02,7.4,5.1,9.1,,,205,17.7,40.8,1015.9,
2019-03-03,9.7,7.8,11.7,,,205,31.1,59.3,1008.1,
2019-03-04,8.2,5.2,11.7,,,229,37.3,70.4,996.7,
2019-03-05,5.8,3.2,8.6,,,225,24.9,53.7,1007.3,
2019-03-06,9.8,7.6,12,,,178,24.7,50,1000.7,
2019-03-07,8,5.5,11,,,214,34.1,63,996.2,
2019-03-08,7,4.6,9.8,,,236,24.8,61.1,1011.8,
2019-03-09,8.8,6.9,11.1,,,238,34.8,64.8,1013.3,
2019-03-10,7.3,3,10.9,,,240,32.6,83.3,1009.9,
2019-03-11,3.6,1.4,6.5,,,265,25.8,55.5,1020.8,
2019-03-12,5.8,1.7,9.6,,,201,31.2,66.7,1015,
2019-03-13,5.4,3.9,8.3,,,244,33.8,66.7,1007.7,
2019-03-14,6.8,5.1,10.1,,,251,27.1,63,1006.3,
2019-03-15,8.8,6,10.5,,,244,31.2,59.3,1008.1,
2019-03-16,9.3,7.8,10.1,,,234,31.6,61.1,1009.2,
2019-03-17,6.5,1.7,9.8,,,246,28.1,55.5,1005.2,
2019-03-18,4,1.5,7.5,,,256,15.8,35.2,1019.1,
2019-03-19,5,-0.4,9.2,,,218,7.3,24.1,1028.9,
2019-03-20,8,3.6,11.8,,,203,9.9,27.8,1034,
2019-03-21,9.8,4.4,14.6,,,105,8.9,20.4,1034.1,
2019-03-22,11.6,5.8,19.1,,,151,9,25.9,1029.5,
2019-03-23,8.2,5.8,9.7,,,332,7.1,18.5,1030.3,
2019-03-24,7.6,3.9,10.4,,,348,9.8,25.9,1028,
2019-03-25,5.6,2.9,8.3,,,301,19.2,48.2,1026.1,
2019-03-26,6.3,4.3,8,,,316,8.2,22.2,1032.4,
2019-03-27,6.4,2.5,9.2,,,307,4.2,14.8,1034.2,
2019-03-28,8.7,6.8,11.7,,,28,6,18.5,1035.3,
2019-03-29,10.9,4.4,16.4,,,100,9.9,33.3,1030,
2019-03-30,13.1,8.8,17.6,,,211,11.6,33.3,1022.4,
2019-03-31,10,5.9,13,,,61,17.5,40.8,1022.3,
2019-04-01,9,2.1,15.6,,,46,14.9,31.5,1020.3,
2019-04-02,10.5,7,14.4,,,173,18.5,44.5,1007.8,
2019-04-03,6.2,4.4,8.6,,,181,13.8,35.2,1002.3,
2019-04-04,5.8,3.3,9.1,,,148,9.3,29.6,1000.8,
2019-04-05,7,2.4,11.2,,,95,13.5,33.3,1005.6,
2019-04-06,10.5,6.8,15.1,,,76,8.7,29.6,1004.4,
2019-04-07,13.1,7.2,18.6,,,103,10.3,29.6,1004.8,
2019-04-08,10.1,9.1,12.4,,,269,7.5,18.5,1010.3,
2019-04-09,9.9,8.9,10.9,,,350,5.9,25.9,1011.3,
2019-04-10,8.2,4.2,12.1,,,35,15.6,38.9,1014.6,
2019-04-11,5.1,-0.3,10.5,,,33,13.5,42.6,1022.1,
2019-04-12,3.8,0.6,6.1,,,45,15.9,35.2,1024.6,
2019-04-13,1.9,-1.9,5.1,,,22,12.8,37,1024.9,
2019-04-14,3.7,-0.7,9.3,,,35,12.9,33.3,1024.3,
2019-04-15,8.6,1.1,16.6,,,84,12.2,38.9,1022.7,
2019-04-16,12.3,9.3,16.2,,,143,16.1,35.2,1016.1,
2019-04-17,11.7,9.6,14.2,,,142,7.6,24.1,1020.9,
2019-04-18,15.5,9.8,20.4,,,96,13.2,40.8,1023,
2019-04-19,17.4,11.3,23.2,,,75,12.8,35.2,1026.1,
2019-04-20,17.4,10.6,22.9,,,63,13,35.2,1027.3,
2019-04-21,16.9,9.3,23.2,,,54,11.9,31.5,1020.1,
2019-04-22,19,13.5,24.1,,,113,13.5,50,1008.2,
2019-04-23,16,10.6,20.7,,,89,12.6,35.2,998.4,
2019-04-24,16.4,10.2,22.6,,,171,23.9,53.7,999.6,
2019-04-25,11.8,9.2,16,,,168,18.5,50,1005.9,
2019-04-26,11.7,8.2,16.1,,,214,14.4,31.5,1013,
2019-04-27,9.4,7.3,11.7,,,225,22.8,55.5,1013.9,
2019-04-28,8,5.7,11.8,,,228,13.4,35.2,1018.6,
2019-04-29,9.3,3.4,14.7,,,333,8.5,22.2,1024.3,
2019-04-30,11.2,8.2,15.3,,,16,12.3,27.8,1022.9,
2019-05-01,9.6,4.3,14.9,,,6,8.1,22.2,1018.3,
2019-05-02,9.4,5.4,13.7,,,273,9.2,27.8,1012.7,
2019-05-03,8.4,6.3,10.7,,,310,9,24.1,1013.3,
2019-05-04,4.9,0.6,9.2,,,336,12.9,38.9,1012.4,
2019-05-05,5.1,0.8,9.1,,,320,11.6,33.3,1021.2,
2019-05-06,5.8,1.3,11.5,,,247,12.6,33.3,1022.4,
2019-05-07,8.7,5.5,12.4,,,201,7.7,22.2,1018,
2019-05-08,9.7,8.4,11.6,,,164,15.5,42.6,1002.4,
2019-05-09,10.6,7.4,15.3,,,210,15.5,40.8,998.8,
2019-05-10,11.3,8.2,15.8,,,247,18.6,35.2,1009.2,
2019-05-11,10.6,8,13.8,,,13,13.7,35.2,1014.4,
2019-05-12,8.4,3,13.2,,,353,10.2,27.8,1033.1,
2019-05-13,9.1,2.9,14.3,,,36,14,38.9,1038.1,
2019-05-14,9.6,3.6,14.5,,,41,17,38.9,1033,
2019-05-15,11,6.2,15,,,54,13.4,40.8,1026,
2019-05-16,11,5,14.9,,,48,12.9,31.5,1017.9,
2019-05-17,10.2,8,12,,,39,9.2,22.2,1007.9,
2019-05-18,13.7,10.1,18.9,,,322,5.4,16.7,1006,
2019-05-19,14.3,12.1,19,,,290,8.2,24.1,1006.1,
2019-05-20,11.8,10.9,12.8,,,298,11.1,29.6,1009,
2019-05-21,11.4,8.8,15.3,,,297,16.7,35.2,1014.8,
2019-05-22,12.7,8.6,17.6,,,304,6.6,25.9,1020.2,
2019-05-23,15.9,9.5,20.6,,,200,11.3,27.8,1018.7,
2019-05-24,17.1,12.6,21.6,,,239,11.8,27.8,1015.7,
2019-05-25,13.1,7.7,17.6,,,277,6.3,22.2,1017.9,
2019-05-26,14.9,10,19.1,,,223,16.8,38.9,1015.4,
2019-05-27,14.7,11.6,17.4,,,271,12.6,31.5,1010.5,
2019-05-28,11.6,9.7,14.2,,,271,11.9,29.6,1010,
2019-05-29,12.2,6.1,18,,,245,6.4,22.2,1020.8,
2019-05-30,15.7,13.1,19.4,,,216,17.7,37,1023.5,
2019-05-31,16.6,12.7,20.2,,,243,13.8,29.6,1025.5,
2019-06-01,19.8,12.9,25.7,,,177,8.9,24.1,1021.9,
2019-06-02,23.9,17,29.1,,,177,17.4,42.6,1014.3,
2019-06-03,18.9,16,22.5,,,265,9.5,25.9,1013.5,
2019-06-04,20.2,14.1,28.2,,,132,10.5,38.9,1009.2,
2019-06-05,17.4,16,19.5,,,272,12.6,33.3,1007.1,
2019-06-06,13.3,9.8,16.6,,,234,16.2,37,1012.1,
2019-06-07,14.9,10.9,22.7,,,154,20.4,51.8,1009.9,
2019-06-08,14.1,11.5,18.1,,,208,33.6,68.5,1016.8,
2019-06-09,15.1,10.6,18.9,,,92,9.5,25.9,1022,
2019-06-10,15.7,11.7,22.1,,,188,8.1,27.8,1013.1,
2019-06-11,14.1,10.4,17.5,,,247,8.3,22.2,1012.4,
2019-06-12,14.5,12.3,18.8,,,233,14,40.8,1009.9,
2019-06-13,15,11.1,19.4,,,188,22.1,50,1012,
2019-06-14,18.4,13.5,24.3,,,175,11.1,27.8,1013.5,
2019-06-15,17.8,14.1,21.8,,,234,14.1,31.5,1013.7,
2019-06-16,17,13.8,20.8,,,234,13.1,35.2,1020.3,
2019-06-17,19.7,13.7,24.4,,,144,8.7,25.9,1019.7,
2019-06-18,21.6,15.6,25.7,,,60,6.6,20.4,1014.3,
2019-06-19,21.3,17,26.9,,,179,15.5,42.6,1008.4,
2019-06-20,16.8,14.2,20.3,,,242,15.2,29.6,1012.8,
2019-06-21,15.2,10.9,18.9,,,266,11.7,27.8,1019.6,
2019-06-22,17,10.1,22.9,,,28,11.3,29.6,1020.6,
2019-06-23,22.1,14.2,27.9,,,99,10.2,31.5,1017.5,
2019-06-24,25.2,18.9,30.5,,,124,9.5,35.2,1017.3,
2019-06-25,27.6,23,32.6,,,176,13.2,37,1016.6,
2019-06-26,22.9,18.6,27.8,,,340,10.8,35.2,1023.6,
2019-06-27,19.4,14.5,24.8,,,30,16.1,35.2,1026.8,
2019-06-28,18.9,11.8,25.5,,,37,14.7,31.5,1024.4,
2019-06-29,25.3,16,32.6,,,119,7.8,25.9,1018.1,
2019-06-30,24.3,21.2,26.2,,,244,14,38.9,1014.7,
2019-07-01,18.8,14.6,22.6,,,275,13.7,33.3,1018.8,
2019-07-02,17.3,12.3,22,,,338,7.1,24.1,1022.8,
2019-07-03,16,10.8,21,,,18,12.9,33.3,1024.5,
2019-07-04,16.2,9.6,22,,,14,9,24.1,1024.1,
2019-07-05,19.4,13.8,25,,,288,8.1,27.8,1018.5,
2019-07-06,20,15.6,26.3,,,258,12.2,33.3,1012.7,
2019-07-07,16,13.3,20.3,,,350,11,29.6,1015.2,
2019-07-08,13.9,9.2,17.5,,,333,9.5,29.6,1020.1,
2019-07-09,14.2,8.2,19.9,,,356,7.6,25.9,1021.4,
2019-07-10,17.2,11.5,22.8,,,2,7.7,22.2,1020,
2019-07-11,19.9,16.9,24.5,,,212,14.3,31.5,1013.8,
2019-07-12,18.2,15.3,21.9,,,282,10.4,33.3,1012.7,
2019-07-13,16.3,14.1,20.3,,,305,11.3,27.8,1018.4,
2019-07-14,15,12.9,17.9,,,355,11,25.9,1020.4,
2019-07-15,13.8,10.3,15.9,,,353,7.2,20.4,1020.6,
2019-07-16,14.6,10.8,17.8,,,340,6,16.7,1019.6,
2019-07-17,17.6,11.6,23.1,,,63,6.4,18.5,1015.7,
2019-07-18,19.6,16.1,23.6,,,224,14.9,33.3,1012.3,
2019-07-19,19.8,15.8,23.7,,,225,13.4,31.5,1014.1,
2019-07-20,21.4,17.4,26.5,,,198,18.9,46.3,1011.6,
2019-07-21,18.9,14.6,23.7,,,251,12.3,27.8,1020.5,
2019-07-22,21.9,16.2,27.5,,,239,10.5,29.6,1023.6,
2019-07-23,26.3,18.2,34,,,110,9.8,27.8,1019.8,
2019-07-24,30.3,24,37.5,,,167,12.5,33.3,1014,
2019-07-25,31.2,23.1,38.8,,,108,11,29.6,1013.5,
2019-07-26,28.1,22.2,34.9,,,191,10.2,33.3,1008.7,
2019-07-27,19,17.5,22.9,,,281,8.3,25.9,1004.2,
2019-07-28,16.9,15.9,17.7,,,282,14.1,29.6,1004.7,
2019-07-29,18.6,13.6,24.5,,,236,8.9,22.2,1011.6,
2019-07-30,21.6,16.8,25.6,,,179,16.8,40.8,1011.8,
2019-07-31,18.5,15.5,21.4,,,230,20.6,42.6,1016,
2019-08-01,18.6,15.1,22,,,233,12.5,29.6,1017.4,
2019-08-02,18.2,14,21.8,,,274,12.2,35.2,1016.5,
2019-08-03,17.5,15.6,19.8,,,344,9.6,22.2,1018.2,
2019-08-04,20.5,14.1,26.9,,,107,7.2,24.1,1015.6,
2019-08-05,21.5,18.1,24.5,,,230,15.6,37,1011.7,
2019-08-06,19.5,16.1,22.2,,,228,12.9,29.6,1011,
2019-08-07,18.7,15.8,23.3,,,225,14.7,33.3,1008.8,
2019-08-08,18.3,13.8,22.6,,,240,11.6,33.3,1012.2,
2019-08-09,20.7,18.6,24.5,,,163,16.8,37,1008.2,
2019-08-10,20.1,17.8,23.1,,,213,29.9,63,1011.2,
2019-08-11,17.2,14.5,20,,,216,14.6,37,1015.7,
2019-08-12,15.8,13.3,20.4,,,202,15,33.3,1015.8,
2019-08-13,14.5,11,18.8,,,237,18,37,1018.4,
2019-08-14,15.7,10.4,20.9,,,194,13.8,31.5,1017.7,
2019-08-15,16.9,15.1,19.8,,,234,21.3,42.6,1012.5,
2019-08-16,17.1,13.1,20.8,,,209,16.4,35.2,1016.5,
2019-08-17,18.2,16.8,18.8,,,195,20.9,42.6,1009.4,
2019-08-18,16,13.1,18.6,,,208,14.1,35.2,1007.8,
2019-08-19,16.4,12,21.1,,,234,17.7,38.9,1016.5,
2019-08-20,15.9,11.6,20.5,,,243,13.5,31.5,1023.3,
2019-08-21,16.6,10.5,21.7,,,159,5.7,24.1,1027.8,
2019-08-22,19.1,13.5,24.4,,,202,9.5,29.6,1025.7,
2019-08-23,19.8,13.1,25.9,,,69,7.8,25.9,1025,
2019-08-24,22.5,14.8,29,,,129,9.5,27.8,1020.4,
2019-08-25,23.7,17.1,30.1,,,155,9.4,24.1,1018.7,
2019-08-26,24.5,18,29.8,,,77,6,20.4,1017.9,
2019-08-27,25.9,19.6,31.5,,,168,6.8,24.1,1015,
2019-08-28,24.3,20.7,28.5,,,195,11,27.8,1014.5,
2019-08-29,20,17.4,22.6,,,304,8.1,27.8,1019.3,
2019-08-30,18.3,12.9,24.2,,,295,5.3,20.4,1022.8,
2019-08-31,22.2,14,30.6,,,169,14.1,37,1013.8,
2019-09-01,16.8,14.2,20.1,,,282,13.7,27.8,1015.6,
2019-09-02,15.1,10.1,19.8,,,261,8.9,25.9,1023.6,
2019-09-03,15.6,12.2,17.8,,,233,14.7,31.5,1024.6,
2019-09-04,16.2,12.9,21.9,,,222,19.1,42.6,1017.9,
2019-09-05,12.6,9.9,15.9,,,278,15.9,33.3,1021.1,
2019-09-06,12.9,6.8,19,,,224,12.1,31.5,1024.6,
2019-09-07,13.6,12,17.4,,,268,12.2,25.9,1019.6,
2019-09-08,12.5,10.4,16.1,,,339,9.2,22.2,1020,
2019-09-09,12,7.4,16.7,,,238,7.7,25.9,1016.7,
2019-09-10,13.8,7.9,19.5,,,177,7.1,25.9,1018,
2019-09-11,14.6,10.6,18.4,,,201,15.3,33.3,1022.8,
2019-09-12,18.1,15.4,22.6,,,237,17,35.2,1028,
2019-09-13,17.3,14.8,20.2,,,283,11.7,29.6,1032.2,
2019-09-14,15.7,10.7,21.6,,,50,7.7,27.8,1032,
2019-09-15,17.5,11.1,23.8,,,234,8.9,25.9,1024.7,
2019-09-16,16.2,13.5,20.4,,,202,10.4,24.1,1021,
2019-09-17,13.8,9.5,17,,,335,9,27.8,1022.7,
2019-09-18,11.2,6.3,16.2,,,10,8.1,27.8,1027.4,
2019-09-19,11.1,5.8,16.3,,,42,10.4,33.3,1030.4,
2019-09-20,13.2,6.3,20.2,,,94,10.4,40.8,1027.7,
2019-09-21,17.7,10.7,25.5,,,131,12.2,46.3,1017.6,
2019-09-22,19.9,16.2,26,,,173,17.7,37,1009.2,
2019-09-23,15.8,14.3,19.5,,,209,14.1,33.3,1014.4,
2019-09-24,14.7,12.6,17.9,,,169,18.5,42.6,1010.2,
2019-09-25,14.5,13.3,16.1,,,211,19.7,44.5,1006.6,
2019-09-26,15.9,13.9,18.4,,,201,21.8,38.9,1008.7,
2019-09-27,14.8,12.5,18,,,214,21.3,42.6,1009.8,
2019-09-28,14.4,12.5,16.5,,,220,27.6,51.8,1012.5,
2019-09-29,14.8,13.1,17,,,205,31.1,64.8,1004,
2019-09-30,14,11.8,16.4,,,246,24.5,63,1010.2,
2019-10-01,14.8,13.2,16.4,,,209,20.7,48.2,1003.4,
2019-10-02,10.4,7.2,14.3,,,304,13.6,38.9,1010.8,
2019-10-03,9.5,6.7,13.1,,,244,13.4,29.6,1019.2,
2019-10-04,10.9,8,14.6,,,214,20.3,42.6,1007.5,
2019-10-05,9.9,8,11.6,,,68,12.5,31.5,1014.3,
2019-10-06,10.2,8.2,14.4,,,170,14,33.3,1012.3,
2019-10-07,9.8,6,12.6,,,149,10.5,29.6,1015.9,
2019-10-08,12,10.8,13.6,,,218,20.6,40.8,1010,
2019-10-09,11,9.2,12.5,,,222,26.6,46.3,1008.7,
2019-10-10,11.4,8.8,14.8,,,231,23.7,46.3,1013.4,
2019-10-11,13.4,10.4,16,,,202,27.5,53.7,1014.4,
2019-10-12,15.6,13,18.4,,,202,23.3,48.2,1010.8,
2019-10-13,18.8,15.6,23.4,,,194,24.2,50,1009.3,
2019-10-14,17.4,12.8,22.4,,,166,13.8,42.6,1010.5,
2019-10-15,14.5,11.7,19,,,202,12.6,35.2,1007.1,
2019-10-16,12,10.2,13.5,,,195,24,44.5,1009.7,
2019-10-17,13.4,12.1,14.9,,,201,18.6,42.6,1009.9,
2019-10-18,12.3,10.6,13.9,,,195,24.2,53.7,1007.8,
2019-10-19,11.8,11,13.7,,,189,16.5,37,1005.9,
2019-10-20,10.6,10,11.1,,,65,10.7,33.3,1008.2,
2019-10-21,11.8,10.3,13.2,,,173,15.5,42.6,1015.3,
2019-10-22,11.7,10.5,13.7,,,203,11.6,31.5,1023.8,
2019-10-23,13,10.4,17.9,,,54,8.9,24.1,1015.2,
2019-10-24,15,12.5,18.9,,,186,19.5,42.6,1008.9,
2019-10-25,13.3,11,14.7,,,209,21.8,40.8,1018.4,
2019-10-26,15.6,13.5,18.6,,,197,26.7,50,1015.4,
2019-10-27,9.7,4.8,16.8,,,278,12,44.5,1020.4,
2019-10-28,5.8,1.3,11,,,110,8.1,29.6,1024.1,
2019-10-29,7.1,5.3,10.5,,,49,11.6,31.5,1024.6,
2019-10-30,4.5,2.3,8.4,,,73,12.3,44.5,1026.2,
2019-10-31,4.7,0.1,9.6,,,74,8.9,25.9,1021.5,
2019-11-01,9.5,5.5,13.1,,,174,17.7,40.8,1007.2,
2019-11-02,12.8,10.2,14.3,,,205,26.6,55.5,991.2,
2019-11-03,10.7,9.1,13.3,,,182,16.4,40.8,985.3,
2019-11-04,9.7,8.4,11.8,,,196,18.2,37,989.1,
2019-11-05,8.5,7.6,9.7,,,226,12.5,33.3,996.5,
2019-11-06,7.7,7,8.6,,,240,9,22.2,1002.7,
2019-11-07,7.3,5,9.4,,,176,16.8,37,998.8,
2019-11-08,5.1,2.3,8.9,,,187,8.1,33.3,1006.2,
2019-11-09,4.3,2.4,6.4,,,206,16.8,35.2,1009.2,
2019-11-10,4.7,1.9,10.3,,,124,9.8,27.8,1012,
2019-11-11,5,2.7,6.9,,,187,20.3,48.2,1007.2,
2019-11-12,4.2,3.4,5.7,,,203,23,40.8,1002.4,
2019-11-13,4.8,2.9,6.9,,,198,20.1,38.9,1001.7,
2019-11-14,5.3,3,6.3,,,147,14.1,38.9,1000.8,
2019-11-15,3.4,1.5,5.6,,,71,11.9,25.9,1000.7,
2019-11-16,3.7,1.6,7,,,158,11.3,29.6,1008.4,
2019-11-17,2.8,1,4.9,,,20,9.2,31.5,1010.9,
2019-11-18,3.9,2.9,6.2,,,306,14.1,27.8,1009.2,
2019-11-19,3.6,0.6,5.7,,,237,12.2,25.9,1017.6,
2019-11-20,1.5,-0.3,5,,,126,9.9,31.5,1017.3,
2019-11-21,1.8,-2,5.1,,,131,10.4,31.5,1008.7,
2019-11-22,7.5,5.8,9.9,,,148,16.4,42.6,1003.7,
2019-11-23,6.6,4.4,8.3,,,77,8.7,33.3,997.8,
2019-11-24,7.6,5.6,9,,,183,10.4,27.8,1006.5,
2019-11-25,8.1,5.8,10.9,,,164,11.6,31.5,1009.2,
2019-11-26,9.9,8.2,11,,,185,20.6,38.9,1003.6,
2019-11-27,10,9.3,11.1,,,188,25.8,61.1,990.8,
2019-11-28,8.9,7.8,9.9,,,235,30.8,61.1,994.2,
2019-11-29,5.6,2.7,7.7,,,295,8.6,27.8,1011.6,
2019-11-30,2.2,-0.5,5.5,,,134,8.7,20.4,1023.4,
2019-12-01,1,-0.6,2.6,,,43,17,44.5,1020,
2019-12-02,1.3,-2.5,4.4,,,238,7.2,20.4,1027.8,
2019-12-03,4.3,3.3,5.7,,,220,6.3,27.8,1029.3,
2019-12-04,2.5,0.3,7.5,,,125,7.4,22.2,1022.8,
2019-12-05,0.9,-0.7,4.1,,,203,15,40.8,1022,
2019-12-06,3.1,-0.7,7,,,195,31.4,57.4,1013.2,
2019-12-07,8,7.4,8.5,,,234,22.5,51.8,1014.1,
2019-12-08,8.4,5.8,9.5,,,219,32.4,61.1,1005.8,
2019-12-09,5.6,3.2,7.1,,,254,29,61.1,1004.5,
2019-12-10,3.1,1,5,,,209,23.3,57.4,1023.2,
2019-12-11,4.3,3.8,5.2,,,195,21,55.5,1009.4,
2019-12-12,3.8,2.6,4.6,,,195,23.6,53.7,999.2,
2019-12-13,4.5,2.5,5.5,,,217,25.8,55.5,979.9,
2019-12-14,5.3,4.2,7.7,,,227,29.9,57.4,992.2,
2019-12-15,7,5.3,9.6,,,209,27.3,57.4,1001.4,
2019-12-16,7.6,5.4,9.6,,,168,12.8,31.5,1005.2,
2019-12-17,11.9,8.1,14.6,,,191,22.1,46.3,1001.9,
2019-12-18,7.4,5.5,9.4,,,185,17.4,35.2,1014.7,
2019-12-19,12.1,8.9,14.5,,,162,18.9,40.8,1007.9,
2019-12-20,10.9,7.1,13.3,,,183,27.5,59.3,989.6,
2019-12-21,7,6.3,7.7,,,180,21.6,44.5,989.5,
2019-12-22,7.4,6.6,8.6,,,212,23.4,46.3,985.4,
2019-12-23,6.8,5.7,8,,,243,21.5,38.9,1007.4,
2019-12-24,7.5,6.1,9.6,,,220,27.2,55.5,1011.8,
2019-12-25,6.2,4.1,8.2,,,268,15.2,35.2,1020.9,
2019-12-26,4.4,3.1,5.3,,,166,11.4,29.6,1023.8,
2019-12-27,5.5,4.6,7,,,62,11.6,33.3,1026.8,
2019-12-28,3.1,1.1,4.9,,,148,8.1,24.1,1039.4,
2019-12-29,2.6,-1.5,6.6,,,154,8.1,29.6,1037.5,
2019-12-30,6.5,4.3,10,,,176,16.5,33.3,1032.2,
2019-12-31,3.9,1.2,5.9,,,125,8,27.8,1033.5,
2020-01-01,1.9,-1.8,6.1,,,159,9.9,24.1,1032.5,
2020-01-02,2.6,-0.5,6.4,,,186,17.6,38.9,1027,
2020-01-03,7.4,4,9,,,228,23.3,46.3,1021.4,
2020-01-04,4.2,2.2,6.1,,,261,15.8,33.3,1032.4,
2020-01-05,5.3,4.5,6.2,,,220,11.7,25.9,1035.7,
2020-01-06,4.9,2.2,7.5,,,182,16.1,37,1027.2,
2020-01-07,5.9,3.8,8,,,212,21,44.5,1026.9,
2020-01-08,9.4,6.2,10.9,,,204,21.8,46.3,1024.6,
2020-01-09,10.8,9.8,11.5,,,195,24.9,48.2,1015,
2020-01-10,6.8,2.7,9.6,,,251,16.2,40.8,1019.9,
2020-01-11,4.5,3.5,6,,,207,17,42.6,1031.8,
2020-01-12,4.9,2.6,7.2,,,203,26,50,1024.2,
2020-01-13,6.7,5,9,,,193,21.7,53.7,1018.1,
2020-01-14,9.2,8.4,10.9,,,197,37.4,66.7,1007.9,
2020-01-15,9.8,6.5,11.7,,,205,29.7,63,1013.3,
2020-01-16,8.1,4.4,11.4,,,178,18,38.9,1023.8,
2020-01-17,7.9,3.9,9.6,,,201,21.9,40.8,1017.3,
2020-01-18,3.4,0.4,5.5,,,243,17,33.3,1026.3,
2020-01-19,1.9,-0.1,5.1,,,321,8.4,24.1,1039,
2020-01-20,2,-0.2,4.6,,,10,10.6,16.7,1047.6,
2020-01-21,-0.1,-3.2,4.3,,,97,6.9,14.8,1042.8,
2020-01-22,-1.5,-5.4,2.1,,,38,10.3,16.7,1037.9,
2020-01-23,1.2,-2.1,2.6,,,67,6.9,20.4,1031.9,
2020-01-24,-0.2,-2.2,1.7,,,214,9.3,20.4,1024.8,
2020-01-25,1.3,-0.8,3.6,,,184,5.7,20.4,1022.1,
2020-01-26,6.4,3.4,9.8,,,177,19.2,37,1016.4,
2020-01-27,7.1,6.5,8.1,,,192,22.8,44.5,1007,
2020-01-28,4.4,1,7,,,232,31.7,61.1,997.6,
2020-01-29,3.8,1.8,5.7,,,242,24,50,1009.4,
2020-01-30,7,4.1,11.3,,,205,26.9,50,1010,
2020-01-31,11.1,9.2,12.2,,,233,26.6,48.2,1010,
2020-02-01,10.1,6.7,11.2,,,230,27,50,1007.2,
2020-02-02,8.9,5.8,12.6,,,226,27.8,57.4,1010.9,
2020-02-03,8.9,6,9.8,,,247,24.3,48.2,1013.5,
2020-02-04,4.2,2,5.6,,,284,22.1,44.5,1016.6,
2020-02-05,3.7,2.4,5.5,,,293,7.6,20.4,1035.4,
2020-02-06,2.9,0.6,6.3,,,138,8.4,18.5,1033.4,
2020-02-07,4.4,-0.2,10.6,,,145,14.1,31.5,1025.8,
2020-02-08,7.6,4.6,10.6,,,189,21.2,44.5,1020.5,
2020-02-09,9.1,6.9,11.4,,,200,41.7,94.5,1007.9,
2020-02-10,7.1,4.9,10.4,,,243,46.4,88.9,999,
2020-02-11,4.3,2.7,6.2,,,248,36.6,83.3,1007.5,
2020-02-12,3.8,2.6,6.2,,,238,27.5,50,1016,
2020-02-13,5.2,3,7.8,,,195,24.8,61.1,1005.2,
2020-02-14,6.4,4.6,8.3,,,242,17.4,38.9,1019.2,
2020-02-15,8.7,6.2,11,,,191,27.5,61.1,1018.4,
2020-02-16,12.4,7.3,16.3,,,209,45.8,87,1006,
2020-02-17,7.6,5.7,10.1,,,227,31.4,55.5,1014.3,
2020-02-18,5.9,4.4,7.5,,,228,29.6,51.8,1022.4,
2020-02-19,5,2.9,6.6,,,245,25.7,50,1020.3,
2020-02-20,6.9,2.6,8.9,,,212,27.9,61.1,1016.7,
2020-02-21,4.9,1.6,8.1,,,229,24.6,44.5,1026.4,
2020-02-22,6.8,4.2,9,,,217,32.5,59.3,1023.4,
2020-02-23,9.6,7,11.5,,,245,35,75.9,1018.7,
2020-02-24,7.6,3.8,11.2,,,217,25.1,61.1,1016.5,
2020-02-25,6.6,3.3,9.7,,,247,26.3,53.7,1002.3,
2020-02-26,1.8,-0.2,3.3,,,257,22.4,50,1001.4,
2020-02-27,1.3,-0.2,2.3,,,208,17.7,37,1002.6,
2020-02-28,2.8,-0.1,5.5,,,204,24.3,59.3,1014,
2020-02-29,7.8,3.8,12.6,,,206,32.4,75.9,995.5,
2020-03-01,5.7,3.9,8.4,,,215,26.7,53.7,994.9,
2020-03-02,5.4,3.6,8.1,,,208,18.9,35.2,991.6,
2020-03-03,3.5,1.3,6.9,,,225,18,35.2,1003.7,
2020-03-04,4.8,3,7.4,,,207,18,33.3,1010.9,
2020-03-05,5.8,4.2,7.2,,,135,13.1,35.2,994.8,
2020-03-06,4.9,3.3,6.7,,,302,15.8,35.2,997.4,
2020-03-07,5.9,2.8,8.8,,,248,16.4,37,1018,
2020-03-08,7.4,6.4,9.2,,,198,26.1,57.4,1013.6,
2020-03-09,6.7,5.1,9.4,,,237,20.4,38.9,1013.7,
2020-03-10,9.3,5.5,12.7,,,225,34.1,63,1008.8,
2020-03-11,12.2,11.2,13.2,,,234,31.4,57.4,1012.3,
2020-03-12,9,4.4,12.9,,,245,32.2,61.1,1012.3,
2020-03-13,6.1,4.4,8.7,,,248,23.9,51.8,1018.7,
2020-03-14,6.2,3,9.4,,,172,15.8,38.9,1020.6,
2020-03-15,9.9,6.9,14,,,185,20.4,48.2,1014.8,
2020-03-16,9.8,6,13.8,,,247,8.3,27.8,1019.5,
2020-03-17,9.3,5,13.7,,,253,11.2,27.8,1029.9,
2020-03-18,11.1,7.1,15.8,,,222,14.6,33.3,1027.9,
2020-03-19,11,7,14.9,,,99,9,22.2,1025.1,
2020-03-20,7,3.7,9.1,,,29,15.8,35.2,1025.1,
2020-03-21,5.1,3.3,8.5,,,65,22.5,46.3,1025.6,
2020-03-22,4.8,0,10,,,74,18.8,51.8,1027.7,
2020-03-23,5.4,-0.3,10.9,,,111,17.7,40.8,1030.5,
2020-03-24,6.1,1.8,11.2,,,128,13.2,37,1029.7,
2020-03-25,5.7,0.9,10.6,,,76,14.7,42.6,1025.4,
2020-03-26,4.5,-1.8,9.8,,,56,17,44.5,1021.4,
2020-03-27,6.5,-0.3,12.8,,,28,11.6,35.2,1019.3,
2020-03-28,8.1,3.1,13.5,,,26,15.6,40.8,1021.8,
2020-03-29,3,1.7,5.2,,,15,24.6,55.5,1028.9,
2020-03-30,1.9,-4.1,6.8,,,8,11.9,35.2,1031.3,
2020-03-31,4.4,1.3,8.5,,,31,13.5,35.2,1029,
2020-04-01,4.4,-0.9,9.4,,,29,7.2,22.2,1022.8,
2020-04-02,4.5,-0.1,9.6,,,278,9.2,27.8,1015.9,
2020-04-03,7.1,4.6,9.7,,,273,14.4,29.6,1017,
2020-04-04,8.8,4.2,14.4,,,101,9.5,31.5,1023.3,
2020-04-05,13.8,7.3,20.3,,,145,14.4,40.8,1020.3,
2020-04-06,15.6,11.6,21.3,,,194,20.1,44.5,1019.7,
2020-04-07,14.7,9.9,19.6,,,31,11.4,27.8,1029.1,
2020-04-08,17.9,13.1,23.1,,,126,12.3,25.9,1024.6,
2020-04-09,16.4,10.9,21.2,,,48,9.9,29.6,1024.1,
2020-04-10,14.2,8.6,20.2,,,44,13.8,31.5,1025.2,
2020-04-11,15.3,8.5,22.3,,,47,7.5,22.2,1022.9,
2020-04-12,16.3,10.7,21.9,,,206,9.6,25.9,1016.5,
2020-04-13,9.1,4.5,15.4,,,28,18.6,40.8,1019.8,
2020-04-14,5.4,1.1,9.2,,,25,11.6,31.5,1027.2,
2020-04-15,9.4,2.3,16.8,,,83,8.9,24.1,1023.8,
2020-04-16,16,10.5,23.3,,,190,11,37,1016.7,
2020-04-17,15,7.9,20.4,,,62,11.8,31.5,1015.6,
2020-04-18,12.8,9.3,16,,,304,9.2,22.2,1015.7,
2020-04-19,10.5,6.3,14.9,,,6,11.8,37,1017.6,
2020-04-20,12.9,6.3,18.3,,,70,22.2,55.5,1016.2,
2020-04-21,14.1,6.8,20.3,,,69,23.6,51.8,1014.9,
2020-04-22,15,6.5,21.6,,,62,18.9,46.3,1017.5,
2020-04-23,16.8,10.5,23.3,,,70,8.1,37,1018.3,
2020-04-24,14.3,8.5,18.6,,,273,11.9,29.6,1014.2,
2020-04-25,9.5,5.3,13.7,,,16,9.6,25.9,1014.2,
2020-04-26,10.9,4,17.1,,,2,8.4,25.9,1011.8,
2020-04-27,14.7,7,21.1,,,200,12.3,31.5,1008.3,
2020-04-28,14.4,11.6,17.6,,,199,17.4,37,1004.1,
2020-04-29,12.6,10.3,15.6,,,222,21.5,44.5,1005.6,
2020-04-30,10.1,7.6,13.7,,,207,22.2,51.8,1001.8,
2020-05-01,9.9,6.7,13.7,,,220,24.8,48.2,1001.7,
2020-05-02,9.3,6.8,12.8,,,260,18.6,40.8,1009.8,
2020-05-03,10.6,5,15.2,,,179,9.5,25.9,1017.7,
2020-05-04,11.9,9.1,14.6,,,55,13.2,29.6,1017.8,
2020-05-05,9.6,5,14.3,,,48,18.5,38.9,1020.6,
2020-05-06,11.8,5,17,,,71,10.2,29.6,1024.3,
2020-05-07,14.2,6.4,20.2,,,73,7.2,29.6,1023.7,
2020-05-08,16.5,9.8,21.5,,,66,9.9,25.9,1018.2,
2020-05-09,17.8,11.7,23.5,,,85,6.8,22.2,1012.3,
2020-05-10,15.1,9.9,17.5,,,148,11.1,37,1006.5,
2020-05-11,8,5,12.4,,,20,27.3,55.5,1012,
2020-05-12,6.9,0.9,11.7,,,359,8.5,27.8,1019.5,
2020-05-13,8.7,3.7,13.6,,,35,10.7,33.3,1014.1,
2020-05-14,8,1.4,13.5,,,32,17.7,42.6,1018.8,
2020-05-15,9,1.9,15.1,,,21,13.1,31.5,1021.5,
2020-05-16,11.5,5.5,16.8,,,251,8.1,25.9,1023.5,
2020-05-17,12.5,5.3,18.6,,,283,5.6,20.4,1024.5,
2020-05-18,15.9,9.6,22.5,,,250,11.9,29.6,1023.9,
2020-05-19,16.6,10.6,22.9,,,274,10.2,25.9,1022.7,
2020-05-20,16.8,10,21.7,,,25,10.5,29.6,1022.7,
2020-05-21,20,12.1,26.7,,,178,5.7,22.2,1020.8,
2020-05-22,19.6,14.8,26.5,,,198,18,40.8,1018.8,
2020-05-23,14.1,11.7,18.4,,,241,22.8,50,1024,
2020-05-24,12.7,8.5,16.1,,,256,18.8,40.8,1030.1,
2020-05-25,15.8,11.1,21.2,,,319,9.6,27.8,1033.7,
2020-05-26,16.7,10.5,22.1,,,39,10.9,29.6,1034.8,
2020-05-27,18,11.8,23.4,,,313,9,25.9,1033.2,
2020-05-28,15.2,9.1,20.2,,,34,17.4,40.8,1032.1,
2020-05-29,16.3,8.5,22.1,,,49,14.1,37,1027.1,
2020-05-30,18.1,12.2,22.9,,,77,15.4,40.8,1022.5,
2020-05-31,16.9,11.3,21.4,,,54,15.5,38.9,1021.5,
2020-06-01,19.2,11.4,25.6,,,55,14,38.9,1020.7,
2020-06-02,21.3,14.7,27.5,,,306,10.2,24.1,1016.6,
2020-06-03,18.4,13.1,22.5,,,272,9.2,25.9,1006.6,
2020-06-04,12.6,10.1,15.5,,,313,10.3,27.8,999.1,
2020-06-05,9.8,8,12.9,,,231,21,48.2,997.3,
2020-06-06,11.5,7.2,16.7,,,226,24.5,53.7,1001.1,
2020-06-07,13.4,9.9,17.3,,,248,17.4,37,1007.5,
2020-06-08,13.3,10.2,17.7,,,285,9.3,25.9,1014.6,
2020-06-09,12.7,11.2,15.3,,,356,10.4,25.9,1018,
2020-06-10,12.9,10,17.9,,,338,6.8,20.4,1016.1,
2020-06-11,16,13.1,20.8,,,34,11.4,33.3,1010.6,
2020-06-12,17.8,13.2,24.2,,,130,11.4,27.8,1007.1,
2020-06-13,19.2,14,25.4,,,176,10.2,27.8,1010.4,
2020-06-14,18.6,15.6,21.6,,,253,14.4,31.5,1014.8,
2020-06-15,18.8,15.1,23.1,,,238,9,24.1,1017,
2020-06-16,18.4,14.7,22.1,,,185,10.1,24.1,1015.5,
2020-06-17,18,14.6,21.5,,,171,11.6,25.9,1012.1,
2020-06-18,17.4,13.6,22.4,,,209,14.4,37,1011.7,
2020-06-19,17.4,13.2,21,,,227,13.2,31.5,1016.4,
2020-06-20,17.3,13,21,,,272,8.6,22.2,1021.4,
2020-06-21,19.3,13.8,23.4,,,194,15.3,37,1020.1,
2020-06-22,16.3,11.7,21.9,,,271,8.7,22.2,1025.4,
2020-06-23,20.4,13.1,25.9,,,64,10.8,31.5,1024.9,
2020-06-24,23.8,16.5,29.4,,,74,14.6,37,1021.3,
2020-06-25,24.5,19,29.7,,,122,12,35.2,1017.2,
2020-06-26,23.8,20.3,29,,,172,14,29.6,1011.7,
2020-06-27,21.7,18.2,25,,,196,23.7,50,1010.2,
2020-06-28,18.1,13.9,21.2,,,227,21,44.5,1013.1,
2020-06-29,15.8,12.2,19.4,,,233,19.1,46.3,1013.4,
2020-06-30,16.6,12.5,20.3,,,220,24.2,48.2,1011.3,
2020-07-01,18.1,16.1,21.3,,,220,20.1,38.9,1008.3,
2020-07-02,16.5,13.9,19.8,,,241,16.2,40.8,1012.1,
2020-07-03,15.9,11.6,21.1,,,230,18.6,37,1018.2,
2020-07-04,17.7,14.2,21.4,,,209,24.5,50,1016.6,
2020-07-05,19.7,15.9,22.6,,,231,31.4,53.7,1013.4,
2020-07-06,14.9,11.2,19.2,,,270,22.5,42.6,1017.7,
2020-07-07,15.8,11,19.9,,,250,11,31.5,1020.8,
2020-07-08,14.2,10.8,16.5,,,239,13.1,27.8,1017,
2020-07-09,19.2,15.7,24.2,,,253,16.8,42.6,1014.2,
2020-07-10,17,13.1,19.7,,,292,18.6,37,1013.9,
2020-07-11,14.4,9.7,18.4,,,301,8,24.1,1024.4,
2020-07-12,15.6,9.5,20.8,,,15,8.7,27.8,1027.5,
2020-07-13,17.9,10.3,23.7,,,354,7.9,25.9,1023.2,
2020-07-14,16.8,14.2,21,,,227,13.3,27.8,1016.3,
2020-07-15,15.8,12.8,19.8,,,317,7.7,20.4,1015.4,
2020-07-16,14.6,13.6,16.3,,,267,11.6,25.9,1018.2,
2020-07-17,16.8,13.2,20.1,,,296,6.2,18.5,1021.4,
2020-07-18,20.5,14.7,26.1,,,212,8.7,27.8,1019.1,
2020-07-19,21,15.3,26.6,,,266,10.5,27.8,1016.3,
2020-07-20,16.7,13.4,21.5,,,3,11.1,27.8,1019.8,
2020-07-21,15.7,10.1,21.2,,,352,9.7,25.9,1024.3,
2020-07-22,15.7,9.7,21.3,,,359,8.3,27.8,1023.5,
2020-07-23,19,12.3,25.4,,,273,10.3,20.4,1017.8,
2020-07-24,19.1,15.9,22.6,,,258,13.1,31.5,1013.3,
2020-07-25,20.5,15.6,25,,,212,17.6,40.8,1012,
2020-07-26,18.5,15.7,22.3,,,242,18.5,38.9,1011.9,
2020-07-27,21,14.4,29,,,192,15.7,40.8,1012.7,
2020-07-28,19.2,15.4,21.9,,,257,20.9,46.3,1013,
2020-07-29,16.7,11.4,22.3,,,255,9.9,24.1,1020.1,
2020-07-30,20.6,13,27.4,,,67,7.7,31.5,1019.9,
2020-07-31,27.5,18.5,35.7,,,136,11.3,35.2,1015.2,
2020-08-01,25.1,21.1,28.5,,,271,12.9,29.6,1014.2,
2020-08-02,19.1,15.9,21.9,,,294,13.1,27.8,1015.8,
2020-08-03,16.9,12.7,22.1,,,328,8.8,25.9,1014.3,
2020-08-04,17.3,11.5,22.8,,,310,9,29.6,1017.2,
2020-08-05,22.1,14.6,28.5,,,179,14,35.2,1016.5,
2020-08-06,25.2,18.3,31.3,,,135,9.5,31.5,1018.2,
2020-08-07,27.3,20.2,33.6,,,117,10.1,29.6,1019,
2020-08-08,28.9,22.1,35.5,,,92,9.9,31.5,1018.2,
2020-08-09,26.9,22.6,32.3,,,63,9.9,31.5,1016.6,
2020-08-10,27.7,20.9,34,,,82,13,25.9,1013.7,
2020-08-11,27.5,23.5,33.1,,,136,8.7,31.5,1013.7,
2020-08-12,25.9,21.8,32.6,,,125,11.7,25.9,1013.4,
2020-08-13,25.6,20.7,31,,,186,12.3,31.5,1011.6,
2020-08-14,23.5,20.3,27.5,,,223,15.6,35.2,1013,
2020-08-15,20.7,17.8,24.5,,,331,6.6,29.6,1014.6,
2020-08-16,22.2,18.6,28.9,,,145,8,25.9,1010.9,
2020-08-17,21,17.8,25.7,,,200,14.4,35.2,1009.8,
2020-08-18,19,15.4,22.1,,,207,12,33.3,1011.5,
2020-08-19,20.9,15.2,27.2,,,171,15.5,37,1009.3,
2020-08-20,24.2,18,31.3,,,166,15.9,35.2,1006.7,
2020-08-21,24.6,19.5,27.3,,,192,21.2,51.8,1008.7,
2020-08-22,20.3,17.3,23.7,,,235,23.3,50,1015.5,
2020-08-23,16.4,14.4,19.6,,,232,21.6,44.5,1017.7,
2020-08-24,16,13.5,19.7,,,232,18.3,37,1017.1,
2020-08-25,17.7,13.7,24.2,,,193,19.2,57.4,1010.3,
2020-08-26,17.5,15,19.3,,,251,34.1,72.2,1011.2,
2020-08-27,16.9,12.5,22.6,,,204,12.5,31.5,1015.3,
2020-08-28,16.4,14,19.7,,,211,22.7,42.6,1003.2,
2020-08-29,14.9,12,19.5,,,226,17.3,37,1004.5,
2020-08-30,14.2,11.6,19.1,,,280,9.2,31.5,1010.5,
2020-08-31,13.6,11.9,16.3,,,354,10.5,31.5,1018.8,
2020-09-01,13.5,9.6,16.6,,,21,6.5,22.2,1019.8,
2020-09-02,14.8,10.7,19.3,,,323,4.8,16.7,1019.4,
2020-09-03,16.1,12.6,20.5,,,196,16.4,40.8,1019.8,
2020-09-04,18.3,17.4,19.8,,,248,14.7,35.2,1021.3,
2020-09-05,14.9,12.4,17.8,,,294,10.1,27.8,1019.9,
2020-09-06,13.9,9.6,18.3,,,256,8,20.4,1020.9,
2020-09-07,15.1,9.2,20.8,,,231,8.4,22.2,1024.3,
2020-09-08,16.7,12.8,21.2,,,241,14.7,31.5,1026.1,
2020-09-09,18.5,14.3,24,,,238,13.1,35.2,1022.9,
2020-09-10,16,12.4,19.9,,,27,8.3,25.9,1022.3,
2020-09-11,16.8,10.8,24,,,169,9.1,25.9,1017.6,
2020-09-12,16.3,11.4,20.8,,,255,9.8,27.8,1020.1,
2020-09-13,18.2,11.8,25.7,,,193,7.4,27.8,1025.4,
2020-09-14,22.9,15.9,30.6,,,142,11.7,37,1023.2,
2020-09-15,26.2,20.9,33.2,,,152,11.6,35.2,1019.1,
2020-09-16,23.5,18.1,27.9,,,330,12.1,35.2,1019.9,
2020-09-17,15.6,12.1,19.6,,,42,20,38.9,1026.1,
2020-09-18,16.6,10.1,24.2,,,57,16.4,37,1022.1,
2020-09-19,19.7,12.3,27.4,,,78,8.1,37,1017,
2020-09-20,19.1,14.6,24.6,,,44,9.7,29.6,1016,
2020-09-21,17,9.2,23.9,,,8,7.6,20.4,1015.8,
2020-09-22,17.3,11,23.9,,,229,5.9,22.2,1011.1,
2020-09-23,17.8,13.1,22,,,188,17.6,44.5,1005.4,
2020-09-24,14.3,10.7,17.6,,,199,23.6,50,1002.4,
2020-09-25,9.9,8.3,12.2,,,221,23.3,63,997.7,
2020-09-26,10.2,8.3,12.2,,,278,23.6,61.1,999.2,
2020-09-27,11.8,10.1,13.1,,,6,15.9,35.2,1000.9,
2020-09-28,10.2,9.4,11.1,,,176,14.2,33.3,1010,
2020-09-29,13.9,11.6,17.5,,,238,13.2,29.6,1015.9,
2020-09-30,15.4,13.1,18.1,,,175,11.6,33.3,1014.2,
2020-10-01,13.4,10.4,15,,,170,16.4,37,1002.8,
2020-10-02,12.2,8.6,16.9,,,104,13.5,31.5,993,
2020-10-03,12,10.1,13.6,,,179,13.4,33.3,989.6,
2020-10-04,11.1,9.9,13.2,,,186,24.8,61.1,991.3,
2020-10-05,11.2,9.1,13.2,,,192,24.6,48.2,999.1,
2020-10-06,11.6,10.7,13.8,,,220,27,51.8,1001.4,
2020-10-07,11.6,10.1,13.9,,,242,22.7,44.5,1011.6,
2020-10-08,13.2,9.4,15.9,,,209,28.4,59.3,1015.9,
2020-10-09,12.3,9.9,14.9,,,259,8.6,27.8,1018.4,
2020-10-10,9.5,6.7,12.1,,,245,18.9,40.8,1021,
2020-10-11,8.4,5.8,12,,,262,11,29.6,1021.2,
2020-10-12,9.2,7.2,12.3,,,252,9.6,22.2,1020.9,
2020-10-13,9.3,7.3,11.6,,,144,12.8,29.6,1013.2,
2020-10-14,7,3.1,10.3,,,32,12.4,27.8,1017.1,
2020-10-15,7.8,6.6,9.2,,,19,14.1,29.6,1019.8,
2020-10-16,7.9,5.8,9.7,,,21,9.5,24.1,1022.4,
2020-10-17,7.6,5.8,9.4,,,331,11.8,16.7,1021.7,
2020-10-18,8.6,6.6,11.1,,,210,9,25.9,1023.1,
2020-10-19,9.7,7.2,13.4,,,174,10.7,31.5,1021.2,
2020-10-20,12.2,9.2,15,,,181,24.8,42.6,1010.1,
2020-10-21,15.4,11.9,19.8,,,187,29.4,83.3,1004.4,
2020-10-22,15.4,14.3,17.7,,,202,18.2,40.8,1011.5,
2020-10-23,14.2,12.7,16.3,,,206,13.2,31.5,1011.7,
2020-10-24,13,11.5,14.2,,,203,26.3,51.8,1012.2,
2020-10-25,12,10,14.3,,,192,23.9,53.7,1003.8,
2020-10-26,9.6,8.4,11.7,,,205,22.4,48.2,1002.6,
2020-10-27,9.5,8.1,10.7,,,197,28.4,55.5,1005.2,
2020-10-28,11.1,9.8,12.5,,,214,26.3,51.8,1007.8,
2020-10-29,10,7.7,12.3,,,224,24.2,50,1015.9,
2020-10-30,13.2,12.1,14.4,,,225,24.3,44.5,1021.1,
2020-10-31,13.3,11.1,15.5,,,186,20.3,51.8,1019.3,
2020-11-01,14.2,11.4,16.6,,,205,23,53.7,1012.4,
2020-11-02,15.9,9.8,18.7,,,218,31.8,61.1,1010.9,
2020-11-03,8.5,5.8,11.7,,,215,21.6,44.5,1023,
2020-11-04,6.2,3.2,9.9,,,224,9.7,29.6,1032.6,
2020-11-05,4.4,-0.7,9.8,,,112,7,18.5,1038.9,
2020-11-06,7,2,12.9,,,118,9.2,33.3,1031.9,
2020-11-07,11.1,6.6,17.1,,,152,9.9,29.6,1023.5,
2020-11-08,13,10.7,15.5,,,158,12.5,37,1022,
2020-11-09,13.9,11.8,16.9,,,140,8.7,24.1,1022.7,
2020-11-10,12.6,10.5,15.6,,,211,9,24.1,1025.4,
2020-11-11,11.4,10,14.1,,,174,12,33.3,1024.2,
2020-11-12,10.5,7.6,13,,,205,20,44.5,1018.4,
2020-11-13,10.3,6.2,13.5,,,188,19.2,40.8,1017.5,
2020-11-14,12.8,11,14.4,,,187,20.9,40.8,1015.8,
2020-11-15,12.8,8.6,15.8,,,193,30.5,61.1,1006.8,
2020-11-16,9.3,8.2,10.6,,,225,24.3,48.2,1014.8,
2020-11-17,10.2,8.9,11,,,213,23.7,38.9,1025.3,
2020-11-18,11.8,8.7,15.5,,,187,23.1,48.2,1022.5,
2020-11-19,8,3.6,13,,,257,21.5,48.2,1023.9,
2020-11-20,4.1,2.1,6.5,,,237,10.2,25.9,1035.4,
2020-11-21,5.4,2.1,8.6,,,195,22.8,38.9,1031.8,
2020-11-22,7.5,7,8.1,,,215,19.2,38.9,1027.5,
2020-11-23,7.7,5.8,8.9,,,220,10.3,33.3,1028.7,
2020-11-24,7.5,4.7,10.3,,,176,15.9,31.5,1023.5,
2020-11-25,6.9,4.7,9.7,,,177,19.7,46.3,1017.6,
2020-11-26,7.7,6.1,10.4,,,154,9.8,27.8,1020.7,
2020-11-27,6.2,3.1,9.5,,,125,7.5,20.4,1019.4,
2020-11-28,6.8,1.9,12,,,85,9.3,25.9,1019.6,
2020-11-29,0.4,-2.7,2,,,42,10.8,24.1,1025.6,
2020-11-30,0.7,-1.5,3,,,206,17.4,44.5,1024.9,
2020-12-01,5.8,3.2,7,,,309,17,38.9,1016.4,
2020-12-02,5.2,4.5,6,,,236,9.3,24.1,1017.1,
2020-12-03,4.6,4.3,5.1,,,184,23,48.2,999.4,
2020-12-04,5,1.9,6.7,,,177,23.7,55.5,984.7,
2020-12-05,3,1.6,5.1,,,153,11.9,33.3,996.6,
2020-12-06,1.4,-0.5,3.3,,,238,7.6,18.5,1000.7,
2020-12-07,2.2,1,4.5,,,198,11.9,31.5,999.7,
2020-12-08,1.1,-1.7,3.5,,,99,9,22.2,1003.8,
2020-12-09,0.2,-3.2,2,,,185,13.7,33.3,1010.2,
2020-12-10,1.7,0.3,2.9,,,158,13.1,31.5,1006.5,
2020-12-11,3.2,0,5.7,,,163,19.1,40.8,994.3,
2020-12-12,6.8,5.5,8.2,,,206,12,31.5,997.4,
2020-12-13,6.1,5.3,7,,,206,20.4,46.3,1009.7,
2020-12-14,8.6,6.3,10.3,,,180,22.5,46.3,1007.6,
2020-12-15,8.3,6.7,9.4,,,186,14.4,38.9,1010.4,
2020-12-16,7.9,5.2,10,,,165,14.9,38.9,1015.3,
2020-12-17,8.8,6.7,10.2,,,201,20.4,38.9,1018.9,
2020-12-18,7.9,6.3,10.7,,,180,20.1,42.6,1020.7,
2020-12-19,9.4,7,11.6,,,181,21.2,44.5,1014.4,
2020-12-20,8.8,6.4,10.3,,,199,17.9,33.3,1018.1,
2020-12-21,7.7,6,10.4,,,185,25.1,55.5,1016.2,
2020-12-22,12.3,10.9,13.3,,,230,24,57.4,1013.5,
2020-12-23,11.1,8.5,11.8,,,205,20.7,48.2,1010.8,
2020-12-24,5,2.6,8,,,277,17.4,44.5,1011.8,
2020-12-25,1.9,0.6,4,,,310,9.5,24.1,1024.5,
2020-12-26,2.3,0.6,4.3,,,220,22.2,55.5,1022.6,
2020-12-27,3.4,2.5,4.2,,,190,36.6,79.6,989.2,
2020-12-28,2.5,1.4,4.2,,,162,12.9,33.3,977.7,
2020-12-29,2.1,0.4,4,,,214,13.7,37,988.4,
2020-12-30,2.9,1.8,3.8,,,220,15.9,33.3,1002.1,
2020-12-31,1.8,1.1,3.1,,,211,9.6,29.6,1003.2,
2021-01-01,1.6,0.4,3.3,,,255,7.7,18.5,1009.6,
2021-01-02,0.5,-0.9,1.6,,,200,8.3,22.2,1014.5,
2021-01-03,1.4,1,1.8,,,20,11.6,29.6,1014.9,
2021-01-04,0.9,0.4,1.3,,,42,14,27.8,1015.4,
2021-01-05,1,0.7,1.5,,,38,13.7,25.9,1016.1,
2021-01-06,1.4,0.2,2.1,,,7,10.4,24.1,1016.3,
2021-01-07,0.8,0,2.2,,,256,15,27.8,1014.7,
2021-01-08,0.7,-0.2,1.6,,,276,14.3,31.5,1016.5,
2021-01-09,-0.4,-1.3,0.4,,,295,5,11.1,1024.4,
2021-01-10,0.4,-0.8,3.4,,,205,6.8,22.2,1025.6,
2021-01-11,1,-0.9,3.8,,,206,20.4,50,1021,
2021-01-12,4.3,0.6,6.8,,,261,22.5,53.7,1011.7,
2021-01-13,1.9,-0.4,4.5,,,252,15.2,31.5,1018.2,
2021-01-14,1.1,-0.4,2.8,,,93,10.8,33.3,1018.5,
2021-01-15,-0.8,-1.9,0,,,4,10.2,31.5,1027.2,
2021-01-16,-0.7,-1.8,0.2,,,200,15,38.9,1025.4,
2021-01-17,1.9,-1.7,4.6,,,249,13.2,33.3,1020,
2021-01-18,3.4,1.7,4.9,,,229,20.7,40.8,1024.1,
2021-01-19,4.5,3.2,6,,,207,33.5,64.8,1012.2,
2021-01-20,7.9,4.7,10.5,,,192,30,55.5,1000.3,
2021-01-21,7.3,4.1,10.9,,,201,34.8,72.2,991.5,
2021-01-22,4.1,1.9,8.7,,,229,17,64.8,993.5,
2021-01-23,3.2,-0.3,5,,,178,14.4,35.2,995.5,
2021-01-24,0.1,-0.4,0.7,,,230,15.2,31.5,999,
2021-01-25,0.2,-0.2,1.2,,,251,12,33.3,1005.1,
2021-01-26,1.7,0.8,3.2,,,242,20.4,40.8,1018.1,
2021-01-27,2.1,0,3.6,,,203,21.2,38.9,1014.1,
2021-01-28,7.1,3.6,10,,,217,22.2,53.7,1004.6,
2021-01-29,8.3,7,10.2,,,242,26.9,53.7,998.4,
2021-01-30,2.8,0.4,7.1,,,48,18.9,33.3,1000.3,
2021-01-31,1.1,-0.6,2.5,,,99,15.9,31.5,999.9,
2021-02-01,3.8,2.7,5.1,,,224,11.1,25.9,994.6,
2021-02-02,6.9,3.1,10.1,,,205,18.9,40.8,1000.9,
2021-02-03,9.3,6.9,11.2,,,214,24.2,48.2,998.4,
2021-02-04,7.1,4.7,9.7,,,192,16.1,42.6,1012.6,
2021-02-05,7.5,6.3,10.4,,,188,10.8,29.6,1011.7,
2021-02-06,5.8,2.4,7.2,,,80,15.6,38.9,1006.5,
2021-02-07,-0.1,-2.4,2.3,,,29,14.6,40.8,996.9,
2021-02-08,-4.6,-6.7,-2.4,,,35,18.6,33.3,999.2,
2021-02-09,-6.8,-8.6,-4.7,,,50,17.5,33.3,1006.4,
2021-02-10,-6.9,-10.3,-4,,,42,17.7,37,1012.9,
2021-02-11,-4.4,-8,-1,,,70,11.6,25.9,1027.1,
2021-02-12,-5.2,-8,-3,,,77,18,42.6,1030.1,
2021-02-13,-3.8,-8,1.1,,,96,16.8,38.9,1036.3,
2021-02-14,1.2,-3.6,5.7,,,150,21.6,46.3,1034.7,
2021-02-15,3.9,2.5,6,,,186,26.9,53.7,1025.8,
2021-02-16,8.1,5.3,11.7,,,195,23.6,44.5,1016.9,
2021-02-17,8.4,7.1,10.7,,,212,23.6,44.5,1017.4,
2021-02-18,7.8,4.7,11.6,,,180,19.8,46.3,1011.6,
2021-02-19,7.1,3.4,10,,,188,18.5,40.8,1015.9,
2021-02-20,12.3,9,16,,,167,21,44.5,1012.7,
2021-02-21,13.2,10,17.1,,,160,17.1,42.6,1013.5,
2021-02-22,13.8,10.8,17.1,,,175,16.7,40.8,1019,
2021-02-23,14.4,11.6,17.2,,,191,20.2,46.3,1029.3,
2021-02-24,14.5,11.7,18.3,,,186,20,40.8,1029.6,
2021-02-25,13.7,10.3,18.3,,,218,13.2,33.3,1027.1,
2021-02-26,7.1,3.5,10,,,346,10.5,24.1,1034.4,
2021-02-27,3.5,0.8,7.2,,,23,9.3,27.8,1040.1,
2021-02-28,5.7,1.2,9.8,,,64,15.6,37,1036.4,
2021-03-01,5.8,-0.3,12.1,,,58,10.4,27.8,1032.2,
2021-03-02,10.5,4.1,17.5,,,151,11.3,29.6,1029.9,
2021-03-03,11.6,8.6,15.4,,,213,8.9,29.6,1028,
2021-03-04,6.2,2.7,10.8,,,308,9.9,22.2,1021.9,
2021-03-05,2.1,0,4.5,,,24,14.3,35.2,1028.2,
2021-03-06,1.7,-2.5,6.1,,,58,9.8,29.6,1032.8,
2021-03-07,0.9,-2.7,5.4,,,39,8.9,25.9,1026.2,
2021-03-08,3.3,-0.4,7,,,26,5.7,20.4,1023.5,
2021-03-09,4.2,1.9,6.2,,,262,12.2,29.6,1019.8,
2021-03-10,6.5,3.9,9.5,,,203,20.4,55.5,1016.4,
2021-03-11,8.5,5.7,12.3,,,229,39.2,74.1,1001.9,
2021-03-12,5.8,4.5,8.3,,,229,33.6,63,1007.5,
2021-03-13,6.3,2.9,8.8,,,231,37.1,74.1,999.2,
2021-03-14,4.5,2,8.3,,,255,21,40.8,1010.9,
2021-03-15,5.4,4,6.6,,,295,18.5,44.5,1015.7,
2021-03-16,4.3,3.4,5.2,,,292,11.3,25.9,1024.6,
2021-03-17,3.6,2.5,5,,,347,11.4,29.6,1026.4,
2021-03-18,3.1,0.3,5.5,,,302,8,18.5,1024.9,
2021-03-19,3.7,1.1,6.6,,,22,17.3,42.6,1023.9,
2021-03-20,2.8,-1.5,7.1,,,349,7.8,24.1,1029,
2021-03-21,5,3.1,7.1,,,316,13.4,29.6,1024.9,
2021-03-22,4.4,1.5,6.6,,,321,7.5,22.2,1026.2,
2021-03-23,7.2,4,11.1,,,225,9.2,24.1,1026.4,
2021-03-24,9.1,3.6,15.3,,,208,12.8,35.2,1023.1,
2021-03-25,8,4.5,10.8,,,236,11.4,27.8,1021.2,
2021-03-26,9.6,6.4,13,,,197,22.2,46.3,1017.2,
2021-03-27,5.8,1.6,9.4,,,240,25.2,48.2,1022.2,
2021-03-28,9.7,5.7,14.4,,,216,22,50,1027.9,
2021-03-29,13.4,8.4,19.7,,,218,16.2,37,1029.9,
2021-03-30,15.2,7.8,23,,,134,10.6,27.8,1030,
2021-03-31,17.8,12.9,23.2,,,183,11.3,33.3,1022.5,
2021-04-01,14.8,9,20.7,,,14,10.8,31.5,1021,
2021-04-02,5.7,3,9.8,,,13,14.4,31.5,1025.8,
2021-04-03,6.3,3.8,10.4,,,3,12.8,29.6,1027.5,
2021-04-04,4.6,1.5,8.2,,,330,7.2,18.5,1025.4,
2021-04-05,2.8,-1.1,6,,,274,22.2,44.5,1014,
2021-04-06,-0.5,-1.3,1.3,,,281,19.1,48.2,1016,
2021-04-07,0.6,-1.4,4,,,272,22.2,51.8,1019.8,
2021-04-08,3.7,-0.3,8.2,,,239,13.1,33.3,1024.2,
2021-04-09,8.5,4.1,13.5,,,224,14,33.3,1015.4,
2021-04-10,7.9,6.5,10,,,161,11.3,22.2,1011.1,
2021-04-11,4.2,1.7,9.4,,,332,12.3,29.6,1013.3,
2021-04-12,2.1,-1.3,6.2,,,263,9.5,31.5,1027.5,
2021-04-13,3.2,-2,7.3,,,300,5.9,22.2,1032.7,
2021-04-14,4.1,0.2,7.3,,,62,8.1,27.8,1031.3,
2021-04-15,3.6,-1.8,7.8,,,15,8.9,29.6,1030.5,
2021-04-16,4.8,-0.5,9.6,,,17,9.2,31.5,1028.1,
2021-04-17,6.5,0.9,11.6,,,17,11.3,29.6,1025.5,
2021-04-18,8,1.5,13.8,,,336,7.5,24.1,1023,
2021-04-19,7.5,3.8,10.7,,,322,7.8,20.4,1020.6,
2021-04-20,10.6,5.5,15.1,,,50,5.4,27.8,1017.7,
2021-04-21,10.8,6.4,15.3,,,334,9.8,29.6,1017.8,
2021-04-22,6.4,0.3,11.7,,,29,13.1,31.5,1025.5,
2021-04-23,7.2,1.2,13.4,,,40,10.7,29.6,1028.7,
2021-04-24,8,2.9,12.9,,,42,15.6,35.2,1026.7,
2021-04-25,6.3,1.2,11.2,,,36,15.8,37,1026.3,
2021-04-26,7.3,0,13.5,,,40,13.8,38.9,1019.6,
2021-04-27,9.6,3.2,15.5,,,43,10.4,31.5,1009.9,
2021-04-28,12.4,5.1,18.4,,,37,8.3,24.1,1003.4,
2021-04-29,7.9,3.7,13.4,,,252,18.3,40.8,1006.5,
2021-04-30,6.1,1.2,10.8,,,257,8.7,22.2,1013.8,
2021-05-01,7.2,2.7,11.4,,,300,7.7,22.2,1014.8,
2021-05-02,6.4,2.2,10.3,,,305,10.7,29.6,1019.1,
2021-05-03,8.3,2.9,12.6,,,210,18,42.6,1019.4,
2021-05-04,10.2,7.2,12.4,,,231,39.9,75.9,1002.5,
2021-05-05,6.6,4,9.7,,,256,19.4,44.5,1007.3,
2021-05-06,6.4,3.5,9.7,,,235,13.7,31.5,1007.6,
2021-05-07,7.1,2.9,12.4,,,266,14.4,33.3,1014.7,
2021-05-08,11.3,5,17.9,,,168,18,44.5,1014.1,
2021-05-09,19.6,12.5,25.9,,,175,22.2,48.2,1003.4,
2021-05-10,17.3,12,20.8,,,198,24.2,55.5,1004.7,
2021-05-11,13.5,11.6,15.4,,,190,9.6,24.1,1009.1,
2021-05-12,12.4,8.6,15.8,,,238,10.4,25.9,1011.7,
2021-05-13,11.9,7.5,16.8,,,185,12.9,35.2,1008.1,
2021-05-14,11.5,7.7,16.1,,,198,10.8,29.6,1008,
2021-05-15,10.3,8.6,13.2,,,199,17.3,42.6,1004.8,
2021-05-16,10.5,8,15,,,211,16.8,38.9,1002.3,
2021-05-17,11,9.2,15.2,,,236,21.5,46.3,1004.6,
2021-05-18,11.2,8.9,16.2,,,251,17,33.3,1013.3,
2021-05-19,9.8,6.8,13.8,,,236,14.3,35.2,1017.5,
2021-05-20,10.9,6.5,14.5,,,207,16.5,38.9,1019.5,
2021-05-21,13,10.2,16.6,,,218,30.2,63,1006.2,
2021-05-22,9.8,8.5,11.5,,,222,29.6,59.3,1005.4,
2021-05-23,11.1,7.3,14.9,,,218,22.7,42.6,1013.5,
2021-05-24,11.4,7.8,14.7,,,193,22.8,46.3,1009.3,
2021-05-25,9,6.8,12.3,,,227,23.7,50,1013.6,
2021-05-26,9.6,7.4,13.8,,,240,17,51.8,1013.8,
2021-05-27,10.8,8.4,15.4,,,279,17,35.2,1019.1,
2021-05-28,12.2,6.3,17.9,,,37,9.4,31.5,1023.8,
2021-05-29,14.6,8.6,18.9,,,55,10.2,31.5,1025.2,
2021-05-30,15.4,7.7,21.6,,,55,12.5,50,1025.9,
2021-05-31,17.7,11.3,22.2,,,77,12.9,31.5,1021.6,
2021-06-01,19.6,12.7,24.8,,,113,12.1,46.3,1016.3,
2021-06-02,21.2,14.9,28.1,,,149,9,27.8,1014.1,
2021-06-03,20.3,17.7,24,,,203,12.2,29.6,1018.8,
2021-06-04,19.4,16.1,24.5,,,124,7.2,22.2,1020.3,
2021-06-05,14.8,13.3,16.3,,,262,12.3,25.9,1021.8,
2021-06-06,14.7,11.8,18.6,,,332,8.4,22.2,1024.3,
2021-06-07,16,10.8,20.1,,,19,7.7,24.1,1023.6,
2021-06-08,18.8,12.6,23.8,,,28,6.5,20.4,1022.9,
2021-06-09,19.8,14.5,24.2,,,287,6.7,20.4,1022,
2021-06-10,20.7,15.6,25.1,,,237,10.4,25.9,1021.3,
2021-06-11,20.3,14.9,24.8,,,266,9.6,24.1,1020.1,
2021-06-12,17.3,14.4,20.8,,,275,14.1,31.5,1021.9,
2021-06-13,16.1,8.4,22.6,,,9,7.2,22.2,1027.1,
2021-06-14,21.4,14.1,27.2,,,216,9,27.8,1021.3,
2021-06-15,20.3,14.1,25,,,29,10.9,29.6,1019.7,
2021-06-16,23.6,17.2,29.4,,,134,8.8,27.8,1014,
2021-06-17,26.1,21.9,30.7,,,189,13.2,37,1010.7,
2021-06-18,25.7,20.6,30.8,,,150,14.6,55.5,1011.9,
2021-06-19,21.7,17.4,25,,,274,13.2,31.5,1013.2,
2021-06-20,20.9,18.1,24.7,,,221,16.5,37,1008.1,
2021-06-21,16.6,14.9,18.5,,,3,13.1,27.8,1008.2,
2021-06-22,12.9,11.1,14.1,,,34,16.1,33.3,1015.6,
2021-06-23,13,11,15.6,,,20,11.3,25.9,1020.7,
2021-06-24,15.3,12.9,18.7,,,346,8.9,22.2,1020.4,
2021-06-25,16.9,12.5,21,,,242,11.9,29.6,1019,
2021-06-26,19.5,16.1,23.7,,,28,7.5,25.9,1017.9,
2021-06-27,19.5,16.4,25.2,,,115,9.6,35.2,1015,
2021-06-28,19,16.9,22.2,,,221,7.5,25.9,1013.9,
2021-06-29,18.3,14.8,21.9,,,241,12.3,24.1,1012.4,
2021-06-30,13.7,12.7,15,,,280,12.8,27.8,1013.1,
2021-07-01,13.4,11.7,16.4,,,289,12.5,37,1017,
2021-07-02,17,11.4,22.4,,,236,9,25.9,1017.6,
2021-07-03,19.3,15.2,23.2,,,156,10.8,29.6,1015.1,
2021-07-04,17.4,14.3,20.4,,,206,7.4,25.9,1010.9,
2021-07-05,16.1,13.3,18.4,,,168,10.2,25.9,1009.1,
2021-07-06,18.2,15.9,20.2,,,201,25.4,57.4,1006.8,
2021-07-07,18.2,14.3,21.8,,,193,16.7,37,1014.9,
2021-07-08,17.8,14.3,21.8,,,193,8,20.4,1020.3,
2021-07-09,17.3,14.1,21.6,,,276,7.4,24.1,1022,
2021-07-10,17.6,14.9,22.7,,,166,6,20.4,1017.3,
2021-07-11,17.2,13.6,22.4,,,262,6.9,22.2,1016.7,
2021-07-12,19,15.6,23.3,,,140,8.6,25.9,1011.3,
2021-07-13,17.3,16.4,18.8,,,333,7.5,22.2,1009.9,
2021-07-14,16,15.4,17.1,,,318,18.9,40.8,1010.7,
2021-07-15,16.4,15.9,17,,,325,15.2,40.8,1014.4,
2021-07-16,15.6,13.9,17.5,,,345,10.8,22.2,1022.5,
2021-07-17,18.8,14.5,24.1,,,354,9.9,29.6,1025.1,
2021-07-18,20,13.4,26.6,,,359,9.6,31.5,1023.9,
2021-07-19,18.5,13.8,22.2,,,24,9,27.8,1021.8,
2021-07-20,18.3,13.3,22.7,,,34,8.6,25.9,1021.2,
2021-07-21,19.1,13.4,23.6,,,53,8,25.9,1022.8,
2021-07-22,19.8,13.9,24.4,,,340,6.8,22.2,1021.9,
2021-07-23,18.7,12.3,24,,,30,10.2,31.5,1017,
2021-07-24,18.1,15.7,20.9,,,138,11,25.9,1009.8,
2021-07-25,19.4,15.4,24.1,,,183,14,31.5,1008.5,
2021-07-26,18.3,15.8,22.5,,,201,16.4,37,1010.6,
2021-07-27,17.9,15.5,22,,,202,16.4,37,1012.1,
2021-07-28,18.2,15.9,21.9,,,215,22.2,46.3,1011.1,
2021-07-29,16.8,13.9,20.1,,,230,21.6,46.3,1012.7,
2021-07-30,18.4,14.1,22.7,,,206,21.5,46.3,1009.2,
2021-07-31,16.1,13.8,19.2,,,237,23.6,46.3,1009.8,
2021-08-01,14.8,12.2,17.2,,,243,12.5,35.2,1011.3,
2021-08-02,14.9,12.8,18.3,,,314,8.1,20.4,1014.6,
2021-08-03,15.2,12.8,18.2,,,42,7.8,20.4,1013.5,
2021-08-04,16.6,13,20,,,132,7,24.1,1013.4,
2021-08-05,18.5,15.1,22.7,,,191,8,25.9,1009,
2021-08-06,17.3,15.4,20.1,,,202,20.9,44.5,1004.2,
2021-08-07,16.7,14.1,21,,,193,17.4,40.8,1003.6,
2021-08-08,15.7,13.9,18.9,,,223,24.5,46.3,1009.8,
2021-08-09,16.3,14.5,19.5,,,204,19.2,42.6,1016.1,
2021-08-10,17.1,13.7,21.2,,,221,16.2,31.5,1017.2,
2021-08-11,18.3,14.7,23.1,,,231,8.3,22.2,1019.5,
2021-08-12,20.6,15.1,26.6,,,172,7.3,25.9,1019.7,
2021-08-13,20.2,16,24.6,,,267,11,31.5,1021.6,
2021-08-14,19.5,14.2,24.5,,,251,9.5,29.6,1021.4,
2021-08-15,21,15.6,26.2,,,196,14.3,29.6,1014.8,
2021-08-16,14.5,11.5,18.2,,,256,19.4,42.6,1014.5,
2021-08-17,12.8,10.7,15.2,,,240,17,35.2,1019.6,
2021-08-18,15.7,13.8,18.2,,,244,16.7,33.3,1017.2,
2021-08-19,16.2,14.8,17.7,,,238,17.7,33.3,1015.5,
2021-08-20,17.3,13.8,20.7,,,235,12.3,27.8,1017.4,
2021-08-21,19.7,14.4,24.7,,,158,9.6,27.8,1017.3,
2021-08-22,17,15.5,19.8,,,245,17.7,38.9,1016.9,
2021-08-23,16.8,15.2,19.4,,,346,12.9,29.6,1022.4,
2021-08-24,15.7,11.4,20.3,,,39,14.7,35.2,1026.5,
2021-08-25,15.8,10.7,20.8,,,18,8.4,25.9,1023,
2021-08-26,14.8,13.4,16.7,,,309,12.3,31.5,1016.9,
2021-08-27,13.7,9.4,18.3,,,327,9.5,27.8,1018.9,
2021-08-28,14.9,12.7,19.3,,,340,11.7,29.6,1020.2,
2021-08-29,13.7,11.7,15.3,,,322,10.8,27.8,1020.6,
2021-08-30,16,14.4,18.5,,,355,11.3,25.9,1020.5,
2021-08-31,15.5,13.5,19.6,,,11,9,25.9,1025.1,
2021-09-01,14.3,13.2,15.5,,,27,9.2,22.2,1028.7,
2021-09-02,15.9,10.3,21.2,,,51,12,29.6,1026.1,
2021-09-03,18.2,11.9,24.7,,,79,8,25.9,1020.3,
2021-09-04,16.9,12.4,20.8,,,44,10.1,25.9,1017.8,
2021-09-05,18.8,12.8,24.4,,,45,6.2,25.9,1020,
2021-09-06,18.9,13.2,24.2,,,36,7.8,22.2,1023.6,
2021-09-07,19.9,14.2,25.6,,,102,8.9,27.8,1022.8,
2021-09-08,21.7,17.4,26.3,,,128,11.7,42.6,1015.9,
2021-09-09,20.6,18.4,24.9,,,179,15.5,33.3,1011.2,
2021-09-10,19,17.6,20.8,,,190,14.6,33.3,1013.4,
2021-09-11,17.6,15.6,19.3,,,235,14.6,33.3,1017.6,
2021-09-12,16.6,13.5,20.4,,,252,8.3,22.2,1018.8,
2021-09-13,16.1,12.2,20.6,,,60,7.7,22.2,1018.3,
2021-09-14,18.6,15.2,21.9,,,149,12.6,31.5,1013.8,
2021-09-15,18,15.3,19.5,,,249,10.8,25.9,1012.1,
2021-09-16,15,11.1,18.9,,,288,7.7,20.4,1017.7,
2021-09-17,16.3,11.6,20.8,,,186,8.1,22.2,1016.9,
2021-09-18,16.7,12.3,21.4,,,99,8.8,24.1,1016.2,
2021-09-19,16.1,12.3,20,,,64,9.3,27.8,1014.4,
2021-09-20,13.8,11.1,16.8,,,43,8.9,27.8,1019.8,
2021-09-21,13,10.4,16.3,,,30,8.6,24.1,1029.1,
2021-09-22,13.7,8.6,19.5,,,152,6.3,18.5,1029.1,
2021-09-23,15.2,10.7,20.1,,,228,15,42.6,1021.1,
2021-09-24,15.8,13.2,19,,,230,15.5,31.5,1018,
2021-09-25,17,12.4,22.6,,,179,9,27.8,1016.2,
2021-09-26,18,16.4,20,,,185,15.5,35.2,1015.2,
2021-09-27,15.4,11.6,18.1,,,197,19.1,42.6,1016.1,
2021-09-28,13.1,10,16.7,,,177,12.6,29.6,1022.4,
2021-09-29,11.9,8.6,14.7,,,223,19.2,48.2,1018.8,
2021-09-30,10.4,6.6,13.8,,,207,18.8,35.2,1026.1,
2021-10-01,12.9,9.4,16.3,,,190,24.2,44.5,1017.4,
2021-10-02,14.1,12,17,,,191,22.1,55.5,1008.7,
2021-10-03,14.7,10.8,17.2,,,196,27.9,63,1000.8,
2021-10-04,12.8,10.7,16.1,,,187,21.2,42.6,1015.5,
2021-10-05,12.2,10.6,15.8,,,187,23,51.8,1008.3,
2021-10-06,10.4,9.7,11.3,,,238,25.8,50,1016,
2021-10-07,12.4,11,15.9,,,290,7.2,22.2,1027,
2021-10-08,11.3,6.4,16.4,,,77,9.8,29.6,1030,
2021-10-09,11.5,7,17,,,80,8,27.8,1028.3,
2021-10-10,10.3,4.7,15.1,,,223,5.9,20.4,1027.6,
2021-10-11,11.2,9.4,13.4,,,289,8.1,22.2,1027.5,
2021-10-12,9.5,6.6,11.2,,,279,11.1,27.8,1022.9,
2021-10-13,7.9,4,11.6,,,262,7.5,20.4,1026.4,
2021-10-14,11,8.8,15.3,,,226,14.1,29.6,1025.8,
2021-10-15,9.9,8,12.4,,,251,12.5,31.5,1019.7,
2021-10-16,8.4,5.1,12.2,,,95,5.4,24.1,1022.5,
2021-10-17,8.4,3.6,13,,,163,8.5,25.9,1021.4,
2021-10-18,11.3,6.8,15.7,,,170,15.8,33.3,1022.2,
2021-10-19,15.2,13.1,17,,,196,22.1,42.6,1018.6,
2021-10-20,15.7,14.6,16.9,,,201,29,55.5,1007.5,
2021-10-21,10.2,5.8,16.1,,,244,33.6,66.7,1003.2,
2021-10-22,7.4,4,10.8,,,243,21.8,48.2,1019.5,
2021-10-23,8.9,6.4,12.1,,,184,8.3,22.2,1027.5,
2021-10-24,8.7,5.3,13.9,,,156,12.6,29.6,1024.2,
2021-10-25,9.5,7.1,12.7,,,189,17.1,35.2,1019.5,
2021-10-26,11.2,9.3,13.3,,,210,20.3,40.8,1021.8,
2021-10-27,11.8,9.9,14.3,,,189,18.3,35.2,1024,
2021-10-28,11.3,8.2,16.3,,,164,16.4,38.9,1017.2,
2021-10-29,13.3,10.1,17.7,,,176,21.5,46.3,1008.4,
2021-10-30,12.5,10.9,13.6,,,176,21.2,48.2,1003.3,
2021-10-31,12.1,9.2,17,,,183,18.8,48.2,1002.7,
2021-11-01,9.8,8,12.4,,,201,22.1,48.2,1000.7,
2021-11-02,7,5.7,9.2,,,193,15.5,33.3,1000.7,
2021-11-03,5.4,4.4,6.1,,,24,8.9,25.9,1001.5,
2021-11-04,6,4.7,7.9,,,263,11.7,25.9,1008,
2021-11-05,7.4,5.4,10,,,274,9.8,22.2,1023.3,
2021-11-06,6.8,3.8,9.5,,,211,19.2,44.5,1028.4,
2021-11-07,8.5,6.6,10.3,,,248,22.2,46.3,1019.8,
2021-11-08,6.5,4.3,9.9,,,226,9,25.9,1023.9,
2021-11-09,6.4,3,11.4,,,162,9.8,24.1,1027,
2021-11-10,5.3,2,10.1,,,168,7.7,25.9,1025.5,
2021-11-11,4.3,-0.9,9.6,,,160,7.2,24.1,1025.2,
2021-11-12,6,1.4,11.6,,,176,17.3,38.9,1018.1,
2021-11-13,9,6.9,10.7,,,241,16.4,40.8,1013.1,
2021-11-14,8,5.4,9.6,,,37,11.3,29.6,1021.4,
2021-11-15,5.6,4.1,6.4,,,35,10.7,25.9,1025.5,
2021-11-16,4.5,3.8,5,,,338,5.3,16.7,1023.5,
2021-11-17,5.8,3.9,8.2,,,223,12.5,29.6,1023.5,
2021-11-18,6.8,4.5,9.8,,,211,16.1,31.5,1030.2,
2021-11-19,8.9,7.8,9.9,,,225,15.2,27.8,1031.3,
2021-11-20,7.8,4.3,9.4,,,213,9.2,22.2,1025.6,
2021-11-21,5.8,2.7,7.5,,,287,10.5,24.1,1014.9,
2021-11-22,2.7,0,4.9,,,22,11.3,31.5,1025.6,
2021-11-23,2.6,-0.7,5.2,,,53,5,20.4,1031.1,
2021-11-24,4.6,1.5,7.1,,,73,5.9,29.6,1022.6,
2021-11-25,1.8,-1.6,4.6,,,223,7.1,18.5,1013,
2021-11-26,2.9,2.1,4.2,,,219,22.8,51.8,998.1,
2021-11-27,2.3,0.7,3.8,,,204,14.1,35.2,989.8,
2021-11-28,1.8,0.7,3,,,314,9.3,22.2,998.4,
2021-11-29,1.5,-0.3,4.3,,,269,16.5,37,1010.1,
2021-11-30,5.8,1.6,8.6,,,239,29.4,55.5,1011,
2021-12-01,6.8,4.4,8.1,,,236,29.4,64.8,998.4,
2021-12-02,1.9,-0.4,4.2,,,275,15.6,37,1004.9,
2021-12-03,1.9,-0.3,3.5,,,206,24.9,51.8,1009.7,
2021-12-04,3.8,3.2,4.7,,,201,16.5,40.8,998.5,
2021-12-05,2.9,1.8,3.2,,,196,14.7,38.9,1003,
2021-12-06,2,0.6,4.1,,,208,12.8,44.5,1012.1,
2021-12-07,3.7,1.1,5.9,,,202,24.5,53.7,1006.3,
2021-12-08,4.6,2.1,6.3,,,199,21,51.8,997.9,
2021-12-09,2.5,1,3.7,,,193,19.1,37,1004.5,
2021-12-10,2,-0.2,3.7,,,198,17.6,38.9,995,
2021-12-11,2.6,0.2,4.8,,,238,13.8,29.6,1015.7,
2021-12-12,5.9,3.1,8,,,200,21.9,40.8,1024,
2021-12-13,7.6,6.8,8.4,,,193,13.1,27.8,1027.9,
2021-12-14,6.7,5.7,8,,,209,10.4,25.9,1029,
2021-12-15,7.5,6.9,8,,,215,12.9,24.1,1032.6,
2021-12-16,8,7.2,10.2,,,258,5,18.5,1037.7,
2021-12-17,7.3,6.1,8.5,,,50,10.1,25.9,1039.8,
2021-12-18,4.2,1.9,5.1,,,52,11.1,24.1,1039,
2021-12-19,4.5,4,5.2,,,353,6.7,14.8,1033,
2021-12-20,4,1.2,5,,,33,6.6,24.1,1028.1,
2021-12-21,-0.7,-3.5,2.9,,,102,6.3,24.1,1026.5,
2021-12-22,-0.1,-2.7,3.3,,,150,10.7,35.2,1023.7,
2021-12-23,3,-0.8,7,,,190,21.8,46.3,1012.4,
2021-12-24,7.6,6,8.9,,,229,17.3,40.8,1006.6,
2021-12-25,3.2,0.8,6.5,,,58,13.7,27.8,1006,
2021-12-26,4,0.8,6.6,,,122,9.7,33.3,1005.2,
2021-12-27,7.6,5.8,9.5,,,169,15.2,48.2,999.5,
2021-12-28,8.7,7.6,9.8,,,213,27.6,72.2,995,
2021-12-29,9.1,7.3,12.3,,,229,20.7,44.5,1007.3,
2021-12-30,12.7,10.8,13.4,,,231,24.5,42.6,1017.1,
2021-12-31,12,10.5,13.9,,,213,21.2,40.8,1021.1,
2022-01-01,11.6,10,13.8,,,190,17.6,42.6,1024,
2022-01-02,11.3,9.9,12.3,,,210,27,64.8,1015.7,
2022-01-03,8.8,6.9,9.7,,,234,25.7,59.3,1012.4,
2022-01-04,6.1,2.2,6.9,,,222,14.4,29.6,999.8,
2022-01-05,2.1,0,3.9,,,260,22.1,46.3,1009.2,
2022-01-06,2.1,0.5,3.7,,,236,13.5,33.3,1019.6,
2022-01-07,2.4,1.7,3.8,,,207,25.7,48.2,1013.5,
2022-01-08,2.3,0.3,5.1,,,206,23,55.5,1006.9,
2022-01-09,3.7,1.8,5.8,,,246,21.5,53.7,1001.3,
2022-01-10,-0.1,-1.4,1.4,,,173,9.5,24.1,1021.5,
2022-01-11,1.1,-1.4,5,,,170,12.2,29.6,1033.6,
2022-01-12,1.5,-0.1,2.2,,,217,7.7,22.2,1039.9,
2022-01-13,2.6,-1.3,7.7,,,207,6.6,16.7,1041.7,
2022-01-14,3.1,0.8,7.3,,,166,8.3,20.4,1036.8,
2022-01-15,0.8,-2.3,5.7,,,98,5.9,20.4,1028.7,
2022-01-16,1.9,0.6,2.8,,,218,18.3,37,1027.4,
2022-01-17,4.2,2.5,5.2,,,257,14.1,27.8,1035.6,
2022-01-18,5.2,2.9,7.5,,,16,6,24.1,1038,
2022-01-19,3,0.6,4.9,,,225,15,33.3,1027.2,
2022-01-20,2.3,0.6,3.9,,,303,12.6,27.8,1029.8,
2022-01-21,1.9,-0.4,4.2,,,282,11.6,22.2,1035.6,
2022-01-22,3.5,2.5,4.7,,,271,10.4,22.2,1035.9,
2022-01-23,3.7,3,4.6,,,179,6.3,20.4,1036.3,
2022-01-24,2.7,0.5,5.3,,,60,6.8,18.5,1034.4,
2022-01-25,-0.7,-3.8,1.1,,,31,5.1,22.2,1034.3,
2022-01-26,0.4,-0.2,1.2,,,236,13.7,29.6,1033.5,
2022-01-27,4.2,0.7,6.7,,,241,23,44.5,1028.2,
2022-01-28,3.4,1.4,5.6,,,242,14.3,35.2,1034.8,
2022-01-29,7,4.4,9.4,,,238,26.4,50,1028.1,
2022-01-30,4.4,2,7.6,,,265,13.5,33.3,1029.7,
2022-01-31,3.9,2.8,5.1,,,278,29,61.1,1016.2,
2022-02-01,4.5,1,8.1,,,256,23.1,48.2,1019.5,
2022-02-02,7.5,6.8,8,,,275,15,33.3,1021,
2022-02-03,6.3,5.3,7.5,,,230,19.2,37,1018.3,
2022-02-04,5.4,2.3,7.6,,,226,25.4,55.5,1013.2,
2022-02-05,3.9,0.7,6.6,,,232,24.6,53.7,1021.3,
2022-02-06,5.9,2.5,7.7,,,247,35.7,72.2,1008.9,
2022-02-07,3.6,0.9,6.2,,,266,21,50,1023.5,
2022-02-08,7,4.4,8.9,,,230,22.4,38.9,1029.6,
2022-02-09,8,5.2,10.7,,,232,14.6,33.3,1026.9,
2022-02-10,4.8,2,6.7,,,227,14.7,29.6,1022,
2022-02-11,3.1,0.8,6,,,263,14.4,31.5,1030.5,
2022-02-12,2.1,-0.9,6.4,,,162,16.4,37,1028.8,
2022-02-13,5.2,0.6,10,,,180,28.2,53.7,1013.1,
2022-02-14,8.3,5.6,9.7,,,204,27.3,53.7,1003,
2022-02-15,6.3,4.6,8.4,,,227,25.4,55.5,1011,
2022-02-16,10,7.1,12.7,,,219,38.4,77.8,1001.3,
2022-02-17,9,5.4,11.8,,,260,35.3,79.6,1007.5,
2022-02-18,8.3,4.3,11.8,,,221,39.3,85.2,1004.2,
2022-02-19,4.9,2.8,7.2,,,230,37.1,72.2,1013.4,
2022-02-20,8.2,5.8,10.2,,,227,39.9,81.5,1009,
2022-02-21,5.2,3.5,8.4,,,264,36.5,79.6,1006,
2022-02-22,5.9,2.1,8.9,,,243,23.3,48.2,1019.6,
2022-02-23,6.7,3,10.4,,,221,17.6,37,1024.9,
2022-02-24,5.9,1.4,9.7,,,226,23.7,57.4,1014.2,
2022-02-25,3,1,5.3,,,254,20.9,46.3,1024.6,
2022-02-26,2.6,-0.8,7.1,,,152,9.2,24.1,1034.3,
2022-02-27,5.2,1.5,10,,,135,19.5,42.6,1030.4,
2022-02-28,5.8,1.2,10.5,,,155,12.3,37,1029.9,
2022-03-01,5.9,2.3,9.4,,,158,10.6,27.8,1028,
2022-03-02,6,2.4,10.7,,,116,8.6,24.1,1023.2,
2022-03-03,6.2,1.5,11.9,,,111,10.7,25.9,1018.3,
2022-03-04,5.8,1.1,11.4,,,97,10.4,33.3,1019.7,
2022-03-05,4.9,1.2,9.4,,,163,11.3,31.5,1020.4,
2022-03-06,2.1,-1.4,5.8,,,54,11.6,35.2,1024.9,
2022-03-07,1,-3.3,5.8,,,77,15.3,44.5,1025.6,
2022-03-08,5.1,0.9,10.2,,,139,15.2,40.8,1020.8,
2022-03-09,7.5,2.5,13.6,,,157,12.9,33.3,1022.3,
2022-03-10,9.6,4.5,15.6,,,143,14.9,33.3,1022.3,
2022-03-11,10.8,6.2,15.1,,,150,22.5,50,1014.3,
2022-03-12,10.8,8.2,13.9,,,177,19.1,42.6,1016,
2022-03-13,10.9,8.5,15,,,171,22.4,48.2,1014.1,
2022-03-14,9.4,7.2,12.9,,,217,16.9,44.5,1024.9,
2022-03-15,7.5,5.7,9.1,,,122,10.2,24.1,1025.3,
2022-03-16,8.5,4.3,11.9,,,144,16.1,35.2,1022,
2022-03-17,7.8,5,10.6,,,313,12.6,33.3,1029.6,
2022-03-18,7.3,1.4,13.2,,,44,17.4,42.6,1041.3,
2022-03-19,7.9,1.3,12.9,,,60,23.3,51.8,1038.3,
2022-03-20,6.2,1.4,10.7,,,131,12.6,35.2,1028.3,
2022-03-21,11.1,5.1,17.1,,,148,10.5,29.6,1030.1,
2022-03-22,12.7,8.5,17.5,,,116,13.1,35.2,1030.7,
2022-03-23,12.1,6.3,17.3,,,265,8.9,29.6,1030.4,
2022-03-24,11.1,4.6,16.2,,,83,7.2,22.2,1029.6,
2022-03-25,9.9,4,15.2,,,48,9.3,37,1029.8,
2022-03-26,10.6,4.6,16.3,,,54,13.8,38.9,1031,
2022-03-27,9.6,5.8,14.1,,,38,11.3,27.8,1030.3,
2022-03-28,11.5,6.4,16.5,,,288,6.6,24.1,1023,
2022-03-29,10.3,7.7,13.9,,,44,9.6,27.8,1012.2,
2022-03-30,8.2,5.7,11.4,,,38,12.3,29.6,1004.3,
2022-03-31,3.5,1.3,6,,,9,9.6,24.1,1000.4,
2022-04-01,0.5,-0.2,2.3,,,17,20,42.6,1006.5,
2022-04-02,0.8,-0.9,3.2,,,18,19.1,38.9,1017.3,
2022-04-03,1.8,-3.3,6.5,,,328,6.8,22.2,1023.5,
2022-04-04,3.3,0.6,6.4,,,224,31.1,61.1,1015.3,
2022-04-05,9.1,5.7,11.5,,,245,27,57.4,1008.5,
2022-04-06,8.9,7.6,10.6,,,222,30.5,53.7,1003.9,
2022-04-07,9.4,7.5,11.5,,,235,42.8,74.1,991.6,
2022-04-08,4.6,3.6,7.5,,,235,13.4,64.8,999.7,
2022-04-09,4.9,1.5,9.5,,,275,18.5,40.8,1012.6,
2022-04-10,5.9,1.2,10.5,,,246,8.1,24.1,1020.9,
2022-04-11,10.6,4.7,17,,,130,13.2,35.2,1015.9,
2022-04-12,14.7,10,21,,,172,18.1,37,1010,
2022-04-13,14,11.6,16.1,,,260,9.9,27.8,1016.4,
2022-04-14,13.7,10.2,17.7,,,278,8.4,25.9,1021.9,
2022-04-15,10.9,7.6,14.5,,,18,9,25.9,1026.9,
2022-04-16,10.3,5,15.4,,,58,15.2,37,1030.4,
2022-04-17,12.5,6,19.4,,,112,9.9,27.8,1026,
2022-04-18,12.9,8.1,17.8,,,99,10.4,29.6,1018.3,
2022-04-19,12.8,6.4,17.3,,,65,12,31.5,1014,
2022-04-20,11.6,7.1,15.6,,,60,15.5,40.8,1014.5,
2022-04-21,11.9,6,16.1,,,60,16.8,44.5,1011.3,
2022-04-22,11.2,5.9,15.9,,,56,18.5,38.9,1005.6,
2022-04-23,13.4,8.6,18,,,76,16.5,38.9,1002,
2022-04-24,12.1,7.2,17.4,,,31,16.5,37,1002.7,
2022-04-25,8.2,4.4,12.8,,,341,8.9,24.1,1010.9,
2022-04-26,8.5,5.4,12.9,,,350,10.1,27.8,1017.9,
2022-04-27,9,3,15.1,,,13,9.9,29.6,1025.1,
2022-04-28,10.7,4.2,16.6,,,34,12.8,35.2,1028.8,
2022-04-29,9.7,6.4,12.7,,,20,10.1,24.1,1028.3,
2022-04-30,8,3.9,12.3,,,0,12.2,27.8,1027.1,
2022-05-01,9.6,5.7,13.2,,,354,6.2,20.4,1023.7,
2022-05-02,12.1,5.6,16.9,,,30,10.1,29.6,1019.4,
2022-05-03,11.7,5.1,17,,,6,10.7,27.8,1018.7,
2022-05-04,11.3,6,16.8,,,346,7.2,27.8,1019,
2022-05-05,12.3,8.8,15.7,,,289,7.2,20.4,1022.2,
2022-05-06,13.3,8.6,18.9,,,307,5,18.5,1025.6,
2022-05-07,14.6,10.3,20.2,,,239,9.2,29.6,1023.9,
2022-05-08,13.2,9.9,18.3,,,27,12.6,31.5,1026.3,
2022-05-09,16.4,8.7,23.1,,,22,5.8,24.1,1024.8,
2022-05-10,19.2,13.8,24.2,,,203,17.6,46.3,1018.4,
2022-05-11,19.1,14.1,24.8,,,238,17.9,51.8,1012.3,
2022-05-12,15.1,10.4,19,,,258,15.9,31.5,1018.2,
2022-05-13,13.5,8.3,18.3,,,253,16.8,37,1021.2,
2022-05-14,15.2,8.8,20.8,,,273,8.8,22.2,1021.8,
2022-05-15,19.7,11.5,26.1,,,103,9.5,33.3,1017.5,
2022-05-16,19.7,16.4,22.4,,,213,18.2,38.9,1016.1,
2022-05-17,19.1,13.9,24.6,,,161,11.1,25.9,1020.1,
2022-05-18,22,17.6,26.4,,,260,10.4,25.9,1020.1,
2022-05-19,21.1,15.8,27.6,,,169,13.8,33.3,1018.5,
2022-05-20,16.9,12,24.5,,,154,16.2,46.3,1018.9,
2022-05-21,14.3,9.7,19.3,,,257,16.7,33.3,1022,
2022-05-22,16.7,10.4,22.8,,,342,6.6,20.4,1015.4,
2022-05-23,17.8,12.7,22.4,,,175,17,48.2,1002.7,
2022-05-24,12.9,9.9,16.4,,,231,21.6,46.3,1007.1,
2022-05-25,13.6,8.2,18.8,,,232,22.2,44.5,1016.1,
2022-05-26,16,12.9,20.7,,,248,25.2,35.2,1021.7,
2022-05-27,14.5,10,18.9,0.7,,276,20.6,33.3,1022.7,
2022-05-28,11.8,7.4,16.2,0.5,,307,11.9,31.5,1022.2,
2022-05-29,8.8,4.2,13.4,3.4,,315,8,27.8,1016.8,
2022-05-30,10.2,5.1,15.6,0,,356,5.7,25.9,1014.1,
2022-05-31,13.6,9.3,18.2,1.8,,228,9.5,25.9,1013.2,
2022-06-01,12.6,7.4,18,0.2,,262,14.6,29.6,1016.3,
2022-06-02,14.2,7.5,21,0,,36,9.8,,1020.4,
2022-06-03,18.3,11.1,24.6,0,,60,11.4,,1016.8,
2022-06-04,19.4,13.5,25.5,0.3,,39,15.6,,1017.7,
2022-06-05,17.8,15.6,21,5.9,,264,13.8,,1013.8,
2022-06-06,16,12.8,20.3,0.6,,238,23.6,,1015.9,
2022-06-07,15,12.6,17.8,7.4,,226,13.1,,1014.1,
2022-06-08,14.4,13.1,16.4,11,,198,14.7,,1009.2,
2022-06-09,14.8,12.2,18.4,2.3,,240,14.6,,1015.4,
2022-06-10,17.6,13,22,0,,203,15.6,,1022.1,
2022-06-11,19.2,16.4,22.4,0,,264,10.8,,1022.8,
2022-06-12,16.7,11.6,21.3,0,,272,10.4,,1023.1,
2022-06-13,14.8,10.8,19.2,0.2,,290,11.6,,1023.2,
2022-06-14,15.4,9.2,20.9,0,,34,9,27.8,1022.5,
2022-06-15,18.7,11.3,25.2,0,,15,8,25.9,1018.1,
2022-06-16,18.8,13,23.1,0,,26,10.7,27.8,1021.5,
2022-06-17,22.4,15.7,28.9,0,,182,11.7,31.5,1022.8,
2022-06-18,26.7,21.1,32.5,0,,201,13.8,31.5,1016.2,
2022-06-19,17.6,13.9,24.6,1.7,,5,14.7,33.3,1010.8,
2022-06-20,14.9,11.6,19.6,0.7,,5,11.9,33.3,1015.6,
2022-06-21,15.6,10.9,19.8,0,,45,10.5,33.3,1014.9,
2022-06-22,19.1,10.5,26,0,,34,12.2,31.5,1011.9,
2022-06-23,23.6,18.5,29.2,0,,175,11.4,33.3,1010.3,
2022-06-24,19.2,16.9,22.5,9.1,,221,13.8,31.5,1008,
2022-06-25,18.7,15.8,22.4,6.1,,208,16.1,35.2,1011.5,
2022-06-26,16.4,13.9,19.2,2.2,,183,10.8,25.9,1015.4,
2022-06-27,16.2,14.3,19.5,1.1,,253,7.7,35.2,1017.3,
2022-06-28,18.4,11.8,25,0,,164,8.7,24.1,1020.3,
2022-06-29,21.4,16.3,26,0,,155,9.3,27.8,1014,
2022-06-30,17.3,12.6,22.1,12.1,,257,13.1,35.2,1012.8,
2022-07-01,15.5,11.6,20.2,0.3,,233,15.9,35.2,1018.9,
2022-07-02,18.6,12.2,24.1,0,,183,13.1,29.6,1021.1,
2022-07-03,18.3,13,22.3,0,,273,11.6,37,1019.2,
2022-07-04,17.8,12.3,23,0,,279,7.8,22.2,1020.9,
2022-07-05,17.4,12.3,22,0,,307,8.9,29.6,1023,
2022-07-06,15.6,10,20.4,0,,297,8,22.2,1026,
2022-07-07,16.4,14.3,19.2,1.4,,295,17,35.2,1024.8,
2022-07-08,16.8,10.3,22.4,0,,327,7.7,24.1,1031.3,
2022-07-09,19,14.7,23.6,0.2,,284,10.8,31.5,1027.8,
2022-07-10,15.6,9.8,20.3,0,,339,9.2,25.9,1026.9,
2022-07-11,17.7,13,21.5,0,,2,6.9,22.2,1024.5,
2022-07-12,21.5,13.9,28,0,,116,7.7,22.2,1024.3,
2022-07-13,25.2,21,31.1,0,,258,15.9,35.2,1020.8,
2022-07-14,19.7,16,23.6,0,,9,11.7,29.6,1020.4,
2022-07-15,16.3,10.7,21.4,0,,339,6.7,27.8,1023.3,
2022-07-16,18.2,13.2,23.2,0,,311,10.1,27.8,1024.1,
2022-07-17,19.4,12.7,26.2,0,,39,8,25.9,1026.5,
2022-07-18,25.8,17.5,33.1,0,,158,10.5,31.5,1022,
2022-07-19,30.1,22.2,37.2,0,,144,15.2,35.2,1016,
2022-07-20,24.3,17.4,30.6,13.5,,237,16.5,31.5,1017,
2022-07-21,17.3,16.1,18,8.3,,249,17,35.2,1020.3,
2022-07-22,17.9,12.7,23.3,0.2,,27,9.3,24.1,1020.2,
2022-07-23,19.3,13.4,25,0.6,,7,6.2,20.4,1019.1,
2022-07-24,23.9,16.5,30.4,0,,205,11.3,29.6,1017.6,
2022-07-25,22.8,19.1,25.9,0.8,,236,19.2,50,1011.5,
2022-07-26,17.8,14.7,23.1,2.5,,272,16.7,37,1017.1,
2022-07-27,16.2,11,20.3,0,,17,11.1,27.8,1020.1,
2022-07-28,18.3,12.2,23.9,0,,44,16.2,35.2,1017,
2022-07-29,20.1,16.2,25.1,0.4,,358,10.2,25.9,1016.4,
2022-07-30,19.3,13.1,25,0,,308,7.5,25.9,1019.3,
2022-07-31,20.8,16.6,25,2.2,,241,19.1,40.8,1017.7,
2022-08-01,20.3,17.1,24.6,0.3,,298,10.2,24.1,1018.2,
2022-08-02,22.5,16.6,28,0,,215,13.7,33.3,1017.8,
2022-08-03,25.4,17.9,31.6,0,,210,9.3,31.5,1015.1,
2022-08-04,24.6,19.6,27.4,1.3,,309,11.7,29.6,1013.3,
2022-08-05,18.1,14.5,22.3,17.1,,355,12,29.6,1018.3,
2022-08-06,15.6,9.5,21,0,,22,9.8,35.2,1027.3,
2022-08-07,17.3,9.9,23.8,0,,18,9.5,33.3,1025,
2022-08-08,18.3,10.6,25.1,0,,17,11.4,33.3,1025.1,
2022-08-09,20.3,12.7,26.8,0,,29,14.1,37,1026.1,
2022-08-10,22.7,14.6,30,0,,40,14.3,38.9,1024.1,
2022-08-11,24.5,18.1,30.6,0,,76,11.3,42.6,1020.5,
2022-08-12,25.4,18.3,31.2,0,,85,12.3,37,1017.3,
2022-08-13,25.8,19.9,31.1,0,,101,12.6,31.5,1014.9,
2022-08-14,25.9,19.8,31.1,0,,170,12,29.6,1008,
2022-08-15,21.2,17.8,24.4,2.2,,189,14.9,29.6,1005.3,
2022-08-16,22.3,17,27.2,0,,206,9.3,27.8,1008.4,
2022-08-17,20.1,17.3,22.6,1.6,,341,7.7,33.3,1010.9,
2022-08-18,18.9,15.6,23.9,0,,333,4.4,18.5,1013.9,
2022-08-19,18.9,15.4,22.6,2.6,,250,12,29.6,1015.3,
2022-08-20,18.7,14.6,23.5,1.7,,261,12.5,33.3,1017.8,
2022-08-21,18.2,12.8,22.5,0,,252,8.7,22.2,1017.4,
2022-08-22,20.6,15.7,26,0,,76,6.8,22.2,1015.1,
2022-08-23,22.6,16.9,28,0.1,,216,8.9,24.1,1015.6,
2022-08-24,24.7,17.6,31.7,0,,65,6.9,29.6,1017.2,
2022-08-25,26,20.9,31.4,0,,124,10.8,27.8,1014.8,
2022-08-26,19,16.4,20.6,7.4,,324,12,27.8,1016.6,
2022-08-27,16.3,12.6,18.8,0,,356,7.7,20.4,1017.7,
2022-08-28,18,14.6,22.3,0,,28,15.6,37,1019.6,
2022-08-29,17,12.1,21.8,0,,32,14.3,29.6,1021,
2022-08-30,20,14,27.1,0,,33,12.5,38.9,1019.1,
2022-08-31,19.5,14.8,24.6,1.2,,40,15,35.2,1019.8,
2022-09-01,20,13.4,24.5,0,,82,11.5,35.2,1018.7,
2022-09-02,21.8,18,26.5,0,,125,11.7,33.3,1013.6,
2022-09-03,20.5,17.8,22.9,0,,168,12.2,31.5,1011.1,
2022-09-04,21,16.3,26.3,0,,182,11.4,35.2,1017.2,
2022-09-05,23.2,18,28.4,0,,142,11.9,35.2,1018.4,
2022-09-06,21.8,15.9,27.7,3.9,,155,13.4,29.6,1015,
2022-09-07,19,15.7,22.6,10.7,,201,13.8,33.3,1012.9,
2022-09-08,17.4,14.5,20.2,11.6,,216,18,38.9,1009.3,
2022-09-09,15.5,14,18.2,16.9,,202,23.7,46.3,1009.2,
2022-09-10,15.5,13.7,18.2,10.2,,244,19.7,38.9,1013,
2022-09-11,16.3,13.6,20.3,0.1,,305,7.2,18.5,1019,
2022-09-12,18.5,12.6,24.3,0,,175,11.6,27.8,1014.9,
2022-09-13,18.5,16.5,21.4,0.9,,165,8.3,22.2,1010.4,
2022-09-14,15.2,12.9,16.9,20,,41,8.6,22.2,1006,
2022-09-15,13.9,11.1,16.7,0.6,,290,9.3,24.1,1009.7,
2022-09-16,11.7,8.6,13.5,4.6,,278,15.8,33.3,1013.2,
2022-09-17,10.1,8.2,12.5,2.9,,276,18.3,40.8,1016.9,
2022-09-18,10.6,9.1,13,9.4,,273,18.3,37,1017.8,
2022-09-19,11,6.8,14.9,0.2,,281,12.6,33.3,1021.5,
2022-09-20,11.6,9.7,15.2,0,,304,6.6,20.4,1024.5,
2022-09-21,11.1,6,15.7,0,,96,6.5,22.2,1026.5,
2022-09-22,12.6,7.6,17.7,0,,152,9.3,25.9,1022.8,
2022-09-23,13,9.5,16.3,0,,191,11.3,25.9,1017,
2022-09-24,12.8,11.4,15.4,2.2,,238,6.6,20.4,1013.5,
2022-09-25,12.1,9.6,14.9,0.9,,339,9.9,22.2,1015,
2022-09-26,10.3,9.2,12,7.3,,213,23.9,50,1004.3,
2022-09-27,9.2,7.7,11.6,6.9,,255,18.9,35.2,999.9,
2022-09-28,9,6.2,13.6,2.7,,235,13.7,35.2,998.6,
2022-09-29,9,4.7,13.6,0,,174,8.1,22.2,1003,
2022-09-30,10.2,5.1,15.6,0,,194,13.8,42.6,1010.3,
2022-10-01,13.2,10,17.6,18.1,,233,25.1,59.3,1008.2,
2022-10-02,12.6,9.7,13.6,3.4,,253,16.1,33.3,1019.6,
2022-10-03,10.6,6.5,15.5,0,,189,6.5,18.5,1027.4,
2022-10-04,12.5,7.7,18,0,,186,13.8,31.5,1022,
2022-10-05,15.3,12,20,0,,199,25.8,64.8,1017.9,
2022-10-06,12.5,8.6,15.7,0.1,,241,16.4,46.3,1029,
2022-10-07,11.8,7.9,16.6,0,,191,14.4,35.2,1024.5,
2022-10-08,11.8,9.8,15.1,0.2,,261,15,31.5,1022.2,
2022-10-09,10.7,5.6,16.7,0,,140,11.9,27.8,1022.3,
2022-10-10,12.9,9.6,17.8,0,,199,14.6,31.5,1017.1,
2022-10-11,9,4.7,13.8,0,,61,7.7,29.6,1026.5,
2022-10-12,9.9,5,15.2,0,,176,9.9,24.1,1023.8,
2022-10-13,12.6,11.3,14.9,3.7,,197,17,33.3,1018.6,
2022-10-14,13.9,12,16.2,2.7,,197,12.6,27.8,1012.3,
2022-10-15,14.2,12.5,18.1,0.7,,208,16.5,40.8,1008.1,
2022-10-16,15,12.5,17.8,10,,188,15.5,33.3,1014.6,
2022-10-17,16.7,14.2,18.8,3.8,,195,17.5,37,1020.5,
2022-10-18,15,12.8,17.5,2.8,,17,6.3,20.4,1027.4,
2022-10-19,12.1,7.6,16.3,0,,77,10.4,29.6,1024.3,
2022-10-20,15.4,12.4,19.4,1.1,,157,18.2,40.8,1012.6,
2022-10-21,15.7,14,18.3,1.5,,187,19.9,37,1008.3,
2022-10-22,14.9,13.1,17,0,,191,16.5,35.2,1013.2,
2022-10-23,16.1,13.5,19.6,0.8,,160,17.3,44.5,1009.5,
2022-10-24,15.7,13.9,17.1,1,,208,30,59.3,1008.2,
2022-10-25,13.5,12.4,15.2,0.6,,205,18.5,38.9,1015.8,
2022-10-26,16,13.1,19.5,0.3,,182,18.5,37,1016.4,
2022-10-27,17.4,14,21.6,0,,161,18.6,35.2,1020.9,
2022-10-28,18.9,17,22.6,0,,187,19.4,38.9,1019,
2022-10-29,18.5,15.4,22,0.1,,163,16.3,37,1019.1,
2022-10-30,16.3,13.1,20,0,,182,13.5,31.5,1018.3,
2022-10-31,15.1,11.9,19.3,0,,150,12.3,44.5,1017.1,
2022-11-01,13.8,10.8,16.7,0.5,,203,29.3,50,1015.4,
2022-11-02,11.6,10.1,13.6,0,,206,25.4,48.2,1020.2,
2022-11-03,11.6,9.4,14,5.7,,186,24.9,51.8,1008.1,
2022-11-04,8.7,5.9,10.4,3.1,,241,11.6,46.3,1007.9,
2022-11-05,7.3,4.4,10.2,0.1,,205,16.4,37,1018.5,
2022-11-06,8.6,7.9,9.9,0.6,,185,24.8,48.2,1012.4,
2022-11-07,11.9,9.5,13.9,0,,202,26.9,48.2,1011.9,
2022-11-08,12.9,10,15,0.8,,181,23.6,48.2,1008,
2022-11-09,11.5,9.4,13.4,2.5,,210,23.9,46.3,1011.2,
2022-11-10,9.8,7.6,13.6,0,,202,21.5,37,1025.1,
2022-11-11,9.9,7,13.6,0,,177,17.6,35.2,1031,
2022-11-12,10.9,7.4,16.9,0,,155,10.1,29.6,1030.4,
2022-11-13,10.4,7.5,14.6,0,,99,9.3,29.6,1022.1,
2022-11-14,6,3.1,10.6,0.8,,176,14.4,37,1012.5,
2022-11-15,11.1,8.9,12.7,5.1,,173,18.6,40.8,1005.7,
2022-11-16,10.1,8.1,11.9,5,,178,18.6,38.9,998.9,
2022-11-17,10.2,8.9,11.6,6,,193,26.4,59.3,990.3,
2022-11-18,8.3,6.8,9.9,1.5,,209,16.8,31.5,1002.1,
2022-11-19,4.6,2.7,7.5,7.3,,3,11.1,22.2,1010.5,
2022-11-20,4.7,1.9,7.4,2.1,,229,16.5,42.6,1009.9,
2022-11-21,6.1,4.2,7.8,4.6,,197,19.4,37,1001.6,
2022-11-22,6.2,4.3,7.6,1.1,,194,25.2,46.3,994.7,
2022-11-23,7.5,6.1,9.4,4,,194,24.3,42.6,999.4,
2022-11-24,7.9,6.4,10.5,0.3,,200,23.3,40.8,1010.1,
2022-11-25,8.2,5.1,10.1,4.3,,214,19.8,37,1017.1,
2022-11-26,5.9,3.9,8.2,0,,177,15.7,38.9,1029.3,
2022-11-27,6.9,5.5,8,5.5,,174,23.5,40.8,1019.9,
2022-11-28,7.4,6.4,8.4,5.3,,195,15.1,37,1011.9,
2022-11-29,6.7,5,8.5,0,,290,5.2,20.4,1019,
2022-11-30,5.6,5,6.6,0.1,,354,7.2,18.5,1024.4,
2022-12-01,4.4,4,4.9,0.1,,25,11.9,25.9,1026.7,
2022-12-02,2,1,3.5,0,,37,16.2,37,1023.1,
2022-12-03,0.9,0.3,1.6,0,,57,16,33.3,1019.7,
2022-12-04,0.4,0.1,1,0,,55,14.4,35.2,1016.3,
2022-12-05,0,-0.3,1,9.1,,325,4.9,20.4,1019.4,
2022-12-06,2.3,0.6,4.2,0.3,,262,7.6,18.5,1020.7,
2022-12-07,3.2,1.6,4.9,1.4,,260,12.5,24.1,1017.7,
2022-12-08,2.1,-1,3.3,0.2,,236,16.7,29.6,1010.2,
2022-12-09,-0.6,-2,-0.1,0,,315,6.2,18.5,1007.2,
2022-12-10,-1.9,-2.5,-1,0,,204,8.7,24.1,1011.2,
2022-12-11,-1,-2.3,0.5,0,,193,12.8,25.9,1011.4,
2022-12-12,-2.4,-4.6,0.8,0,,149,11.3,24.1,1012.5,
2022-12-13,-3.1,-6.4,0.1,0,,96,8.6,25.9,1009.5,
2022-12-14,-3,-5,-0.8,0,,359,4.7,22.2,1003.6,
2022-12-15,-4.4,-7.6,1.1,0,,123,6.5,24.1,1009.3,
2022-12-16,-3.9,-7,-1.3,0,,176,6.4,14.8,1015.6,
2022-12-17,-3.2,-5.6,-0.3,0,,159,9,22.2,1026.2,
2022-12-18,-0.9,-3.6,1.5,1.3,,151,19.2,37,1025,
2022-12-19,7.8,2.3,11.4,1.7,,190,31.5,55.5,1018.2,
2022-12-20,10.7,9.4,11.7,9.7,,194,25.5,46.3,1013.3,
2022-12-21,8.6,7,9.7,1.7,,215,16.7,38.9,1010.9,
2022-12-22,9.3,8.6,9.9,17.3,,222,17.3,35.2,1005.5,
2022-12-23,9.8,8.6,12.3,8.4,,227,24,50,1005.5,
2022-12-24,9.3,8.4,10.7,0.1,,222,21.2,48.2,1013.5,
2022-12-25,10,8.1,11.7,10.5,,189,20.4,40.8,1012.3,
2022-12-26,7.7,2.2,11.3,4,,237,23.7,42.6,1016.3,
2022-12-27,4.4,2.8,7.2,0,,207,23.3,42.6,1025.5,
2022-12-28,8,5.5,9.5,2,,203,33.8,59.3,1013,
2022-12-29,9,5.8,10.8,1.3,,222,35.3,66.7,1006.5,
2022-12-30,8.1,4.4,13,3.5,,194,29.3,63,1007.6,
2022-12-31,14.5,12.8,15.8,5.8,,207,41.7,70.4,1008.8,
2023-01-01,12.3,10,14.5,0.8,,197,28.5,57.4,1014.6,
2023-01-02,9.7,6.7,13.6,8.4,,223,21.2,44.5,1017.8,
2023-01-03,6.6,4.7,8.5,0,,196,22.7,50,1027.4,
2023-01-04,9.8,7.9,11.3,4.2,,219,36.9,59.3,1019.9,
2023-01-05,9.8,9.3,10.4,1.1,,242,22.7,48.2,1021.5,
2023-01-06,9.7,9,10.4,0.7,,213,24.8,42.6,1019.6,
2023-01-07,9.5,8.4,10.1,0.6,,188,26.9,50,1012.1,
2023-01-08,8.2,6.3,9.2,1.5,,195,23.4,46.3,1001.7,
2023-01-09,5.6,3.8,6.8,1.9,,230,26.1,46.3,1001.7,
2023-01-10,4.7,2.7,7.4,3,,207,26.7,55.5,1016.7,
2023-01-11,8.9,7.5,10.3,9.1,,224,30.8,55.5,1012.7,
2023-01-12,8.8,7.6,9.7,12.4,,216,41.3,68.5,1010.4,
2023-01-13,7.4,6,9.4,1.3,,239,33.2,63,1010.9,
2023-01-14,7.7,5.3,10.1,11.1,,208,33,66.7,1008.3,
2023-01-15,5.2,4.2,6.8,3.8,,227,33.5,61.1,1003,
2023-01-16,3.8,0.8,5.1,6.6,,197,28.2,53.7,985.4,
2023-01-17,0.4,-2,2.6,0.4,,310,12.2,50,988.8,
2023-01-18,-0.4,-3.5,2.5,0,,225,13.7,35.2,997.5,
2023-01-19,0.8,-0.3,2,5.9,,227,19.8,37,1007.2,
2023-01-20,-0.4,-0.9,0.6,7.5,,220,14.9,35.2,1015.4,
2023-01-21,-2.5,-4.2,-0.6,0,,31,8.7,27.8,1030,
2023-01-22,-1.6,-2.9,-0.6,0.6,,359,6.8,24.1,1032.8,
2023-01-23,0.2,-0.6,1.1,0,,33,11,29.6,1035.9,
2023-01-24,0.3,-0.4,0.7,0,,60,15.2,27.8,1037.8,
2023-01-25,-2.1,-3,-0.6,0,,36,5.6,25.9,1033.6,
2023-01-26,-0.9,-3.6,2.1,0.7,,321,6,18.5,1025.2,
2023-01-27,2.1,1.5,2.7,0.2,,15,14.7,27.8,1026,
2023-01-28,0.2,-2.3,1.7,0,,32,9.6,22.2,1030.4,
2023-01-29,-1.1,-3.8,1.4,0,,191,15.3,42.6,1029,
2023-01-30,4.1,1.6,6.4,1,,262,22.5,44.5,1022.6,
2023-01-31,3.9,1.3,6.1,2.2,,233,23.1,44.5,1025.2,
2023-02-01,5.4,3.2,7.2,0.1,,254,26.1,51.8,1023.1,
2023-02-02,6.7,5.5,8,0,,254,25.6,40.8,1026.4,
2023-02-03,7.9,7.4,8.5,0.5,,260,24.3,42.6,1029.5,
2023-02-04,6.9,5.3,8.1,0.4,,311,6.8,24.1,1036.3,
2023-02-05,5.3,2,6.8,2,,319,16.6,42.6,1039.3,
2023-02-06,1.8,0.1,4.3,0,,32,9.8,31.5,1041.7,
2023-02-07,0.9,-3.5,4.3,0,,67,8.9,24.1,1039.3,
2023-02-08,1.7,-2.5,5.5,0,,113,9,27.8,1036.7,
2023-02-09,1.2,-1.8,4.9,0,,207,12.9,31.5,1034,
2023-02-10,4.1,0.9,7.6,0,,211,13.8,29.6,1038,
2023-02-11,5.1,3.7,6.3,0.1,,233,12.5,27.8,1037.2,
2023-02-12,6.1,4.4,7.5,0,,43,4.5,16.7,1038.6,
2023-02-13,6.2,0.8,11.2,0,,123,7.1,20.4,1036.4,
2023-02-14,7.5,3,13.2,0,,165,9.5,24.1,1033.2,
2023-02-15,8.1,4.5,13.1,0,,182,14.7,33.3,1027,
2023-02-16,7.7,5.3,11.1,1.5,,195,20.1,46.3,1024.6,
2023-02-17,10.7,9.2,13.8,0.9,,235,31.2,61.1,1023,
2023-02-18,9,8.5,9.5,2.8,,239,28.8,51.8,1023,
2023-02-19,7.9,4.7,9.1,3.6,,261,19.7,42.6,1024.9,
2023-02-20,5.9,3.9,9.2,0,,239,18.9,40.8,1025.8,
2023-02-21,5.8,4.4,8.9,0,,245,8.7,24.1,1020.3,
2023-02-22,7.3,2.1,12.1,1.4,,192,12.9,27.8,1013.3,
2023-02-23,6.9,5.8,7.7,1,,310,6.9,18.5,1015.2,
2023-02-24,4.1,2.5,5.8,1,,300,12.9,29.6,1011.2,
2023-02-25,2.5,-1,5.2,0.3,,336,14.4,38.9,1011.9,
2023-02-26,-0.4,-2.8,2.7,0,,29,17.4,44.5,1022.9,
2023-02-27,-0.2,-4,3.9,0,,41,17.3,42.6,1028.8,
2023-02-28,-0.6,-4,3.5,0,,49,15,37,1030.1,
2023-03-01,-0.3,-5.2,4.8,0,,41,13.2,35.2,1026.9,
2023-03-02,1.6,-3.7,8.1,0,,34,13.3,33.3,1022.3,
2023-03-03,-0.6,-2,1.4,0,,47,10.9,27.8,1025.3,
2023-03-04,3.1,-0.2,5,0,,319,8.1,22.2,1026,
2023-03-05,2.8,1.6,4.5,1,,273,9.9,22.2,1018.2,
2023-03-06,2.7,0.9,5.6,1.1,,235,17.6,44.5,1007.3,
2023-03-07,2.5,-0.4,5.1,11.4,,244,23.6,50,1000.4,
2023-03-08,1.1,-0.4,4.2,21.2,,107,8.4,25.9,994.4,
2023-03-09,8.3,2.9,11.6,13.7,,225,21.2,48.2,994.4,
2023-03-10,6.3,-0.2,10.1,6.1,,235,29.6,68.5,992.9,
2023-03-11,1.7,-2.1,5,0,,262,7.1,31.5,1011.3,
2023-03-12,6.8,1.9,10.7,0.7,,206,22.5,46.3,1010.4,
2023-03-13,12.2,9.6,15.2,3.3,,212,36.6,64.8,999.1,
2023-03-14,5.7,0.9,10.5,10.6,,246,23.3,50,1000.1,
2023-03-15,3.7,0,7.2,1.6,,238,9.9,29.6,1018,
2023-03-16,8.3,3.9,13,0,,171,21.9,40.8,1014.5,
2023-03-17,12.2,9.4,16.6,1,,177,20.1,37,1008.3,
2023-03-18,11.8,8.9,14.6,6.6,,193,17,38.9,1010.9,
2023-03-19,9.9,7.1,11.5,3.5,,232,13.4,31.5,1015.1,
2023-03-20,7.2,4.5,9.8,0.7,,216,17.1,33.3,1020.6,
2023-03-21,10.6,8.1,14.3,0.9,,201,20.2,40.8,1014.9,
2023-03-22,10.7,8.8,12.2,1.5,,202,28.5,51.8,1009.1,
2023-03-23,11.9,10.8,14.1,2.9,,205,30.5,51.8,1005.2,
2023-03-24,10.6,8,13.3,5.8,,226,30.3,55.5,1003.8,
2023-03-25,8.8,6.6,11.8,2.1,,236,33.9,64.8,1007.1,
2023-03-26,6.9,4.9,7.8,10.6,,231,17.2,38.9,1004.8,
2023-03-27,3.3,1.3,6.2,0.6,,322,13.7,35.2,1021.4,
2023-03-28,3.5,-1.4,8.6,0.9,,196,15.5,38.9,1025.7,
2023-03-29,10.6,5.4,15.3,0.3,,195,20,37,1015,
2023-03-30,12.6,8.7,14.9,4.1,,220,26.3,51.8,1008.9,
2023-03-31,10.3,8.7,12.3,15.2,,212,32.6,63,998.6,
2023-04-01,8.4,7.4,9.9,13.3,,253,30.3,63,999.8,
2023-04-02,4.8,2.3,7.9,4.2,,20,18,33.3,1018.8,
2023-04-03,3.8,-1.7,8.5,0,,53,16.2,42.6,1029.3,
2023-04-04,3.7,-1.2,7.6,0,,54,12.9,33.3,1028,
2023-04-05,5.5,-0.3,10.1,0,,255,5.6,18.5,1022.8,
2023-04-06,5.9,2.8,8,6.4,,174,17.4,38.9,1017.2,
2023-04-07,7.8,6.4,9.4,3.9,,310,11,31.5,1018.1,
2023-04-08,8.4,5.9,12.5,0.3,,357,7.2,24.1,1024.5,
2023-04-09,9.5,4,14.2,0,,100,8.7,20.4,1024.1,
2023-04-10,10.9,7.3,15.7,4.9,,177,21.5,46.3,1017.2,
2023-04-11,9.5,6.5,12.1,0.2,,234,25.5,46.3,1013.6,
2023-04-12,8.2,5.6,11.1,11.4,,211,22.1,50,1001.4,
2023-04-13,7.9,5,12.2,3.4,,234,26.9,57.4,1003.4,
2023-04-14,8.6,3.4,12.9,0.2,,157,11.9,37,1008.6,
2023-04-15,9.9,7.1,14.3,0,,33,15.9,37,1012.5,
2023-04-16,7.1,5.2,9.2,1.5,,327,12.2,27.8,1024.2,
2023-04-17,9,6.8,13,0.1,,11,13.4,35.2,1025.7,
2023-04-18,8.6,3.2,13.1,0,,43,18.3,40.8,1024.7,
2023-04-19,10.4,7.2,14,0,,45,20.6,46.3,1023.6,
2023-04-20,6,3.2,9.4,0.8,,48,15.3,37,1017.9,
2023-04-21,9.5,4.7,15.5,1.6,,82,12.9,33.3,1011.7,
2023-04-22,11.4,7.6,16.3,3.6,,174,16.8,42.6,1007.6,
2023-04-23,11.2,8.6,14.1,2.6,,186,21.9,48.2,1005.7,
2023-04-24,8.3,6.7,11.1,3.8,,257,23.7,46.3,1007.4,
2023-04-25,6.5,4.8,9.1,0.4,,328,8.7,25.9,1015.2,
2023-04-26,5.8,1.5,10.2,0,,11,5.6,20.4,1019.7,
2023-04-27,8.5,1.8,13.7,0.6,,53,12,31.5,1018.9,
2023-04-28,13.5,10.2,19.2,9.6,,237,18.8,46.3,1012.1,
2023-04-29,9.9,7.7,12.1,0.9,,336,10.4,24.1,1019.1,
2023-04-30,12,5.2,17,0,,63,12.6,33.3,1021.4,
2023-05-01,13.1,10.5,16.3,3.4,,244,12.8,31.5,1016.4,
2023-05-02,10.5,6.8,13.9,0,,341,11,25.9,1024.6,
2023-05-03,9.8,2.5,15.5,0,,50,14.3,35.2,1026.5,
2023-05-04,16.2,7.5,24.1,0,,125,11.3,31.5,1018,
2023-05-05,15.3,13.2,17.2,0.7,,230,14.1,31.5,1016.9,
2023-05-06,14.9,10.6,18.4,2.1,,183,7.1,22.2,1016.8,
2023-05-07,15.4,13.8,17.8,5.5,,276,9,20.4,1017.3,
2023-05-08,15.4,12.6,19.5,0,,292,7.2,18.5,1020.9,
2023-05-09,13.2,11.6,14.7,14.9,,203,14,29.6,1014,
2023-05-10,11.9,10.2,14.4,16.7,,252,15,29.6,1012.2,
2023-05-11,11.7,9.1,15.4,1.8,,255,9.5,18.5,1015.7,
2023-05-12,13.1,10.6,17.2,6.1,,17,9.3,31.5,1016.4,
2023-05-13,14.2,8.7,20.1,0.3,,1,9.2,33.3,1020,
2023-05-14,13,9.3,17.9,0,,283,8.9,24.1,1018.2,
2023-05-15,11,7.8,16,2.2,,292,12.6,31.5,1016.2,
2023-05-16,9.6,5.7,13.3,1,,342,14.3,31.5,1021.7,
2023-05-17,10,5,15.1,0.1,,343,11,29.6,1026.7,
2023-05-18,9.8,4.2,15.2,0,,31,12.6,33.3,1026.8,
2023-05-19,12.2,4.9,17.6,0,,33,12.9,37,1024.4,
2023-05-20,13.9,8.5,18.5,0.2,,38,18,38.9,1020.6,
2023-05-21,15.4,9.8,21.1,0,,18,11.1,27.8,1016.5,
2023-05-22,14.7,11.6,19.1,0.2,,290,10.8,25.9,1016.3,
2023-05-23,12.9,9.6,15.3,0.1,,335,13.8,29.6,1021.8,
2023-05-24,10.2,4.5,15.2,0,,9,10,25.9,1024.5,
2023-05-25,12.1,5.6,17.2,0,,32,12.9,35.2,1026.5,
2023-05-26,12,6.9,17.7,0,,39,17.1,37,1028.5,
2023-05-27,14.5,7.1,21.5,0,,40,15.6,35.2,1024.7,
2023-05-28,16.7,9.3,22.6,0,,36,10.8,37,1019.8,
2023-05-29,14.1,9.9,18.5,0,,24,17.9,38.9,1023,
2023-05-30,13.2,6.9,19,0,,30,16.7,35.2,1025.3,
2023-05-31,16.9,9.4,23,0,,41,17.4,40.8,1023,
2023-06-01,15.2,10.3,21.4,0,,19,14,33.3,1021.4,
2023-06-02,12.5,9.1,17.2,0,,26,15.6,33.3,1021,
2023-06-03,15.4,8.4,21.5,0,,39,16.4,38.9,1019.9,
2023-06-04,16.4,8.6,22.5,0,,36,14.9,38.9,1020.6,
2023-06-05,16.9,9.8,22.9,0,,27,13.2,35.2,1020.2,
2023-06-06,17.4,9.8,24.3,0,,20,12,31.5,1019.3,
2023-06-07,17,13.9,20.3,1.7,,34,12.3,31.5,1019.2,
2023-06-08,18.9,11.8,25.8,0.2,,31,11.6,33.3,1015.6,
2023-06-09,22.5,15,29.2,0,,92,12,35.2,1012.8,
2023-06-10,24.3,18.2,29.1,0,,85,14.4,35.2,1013.5,
2023-06-11,24.8,18.9,30.1,0,,122,11.6,31.5,1014.2,
2023-06-12,24.3,17.9,29.4,0,,74,9.8,29.6,1014,
2023-06-13,22.7,16.5,26.7,0,,74,13.8,38.9,1012.6,
2023-06-14,20.8,15,24.5,0,,55,13.8,37,1015.2,
2023-06-15,20.8,14.2,26,0,,61,10.5,31.5,1018.5,
2023-06-16,20.7,14.1,25.4,0,,358,6.2,24.1,1018.2,
2023-06-17,21.8,14.3,26.3,0,,62,6.9,22.2,1015.5,
2023-06-18,22.3,18.9,25.9,0,,128,10.7,29.6,1012.1,
2023-06-19,22,17.6,26.9,0,,232,14.7,31.5,1012.2,
2023-06-20,22.8,17.4,29.8,2.1,,185,15.8,33.3,1011.2,
2023-06-21,21.3,17.7,25.5,0,,260,12.6,25.9,1016.5,
2023-06-22,18.3,16.3,21.1,81.2,,356,14.4,40.8,1016.1,
2023-06-23,19.4,13.6,24.3,2.2,,281,11.3,31.5,1023.1,
2023-06-24,21.5,16,25.8,0,,272,8.4,22.2,1024.3,
2023-06-25,24.8,17.1,30.7,0,,174,12,27.8,1017.4,
2023-06-26,20,16.6,25,0,,268,17.8,37,1018,
2023-06-27,17.7,13.8,22,0,,273,11.4,25.9,1021.1,
2023-06-28,18.3,14.8,22,1.3,,242,7.5,25.9,1019,
2023-06-29,19.6,16.1,21.9,2.8,,277,9.2,24.1,1015.5,
2023-06-30,17,13.3,21.1,0.5,,302,10.1,25.9,1014.3,
2023-07-01,17.1,14.4,20.4,3.5,,224,22.8,40.8,1007.7,
2023-07-02,16.6,13.8,20.2,0.6,,244,21.9,38.9,1011.5,
2023-07-03,16.5,12.3,20.9,0.3,,242,26,48.2,1012.7,
2023-07-04,16.8,12.6,21.4,1.4,,223,18.9,38.9,1013.2,
2023-07-05,15.1,12.6,17.5,6.7,,224,28.5,64.8,1011.4,
2023-07-06,16.5,10.7,21.6,0,,236,12.6,29.6,1018.3,
2023-07-07,21.7,14.5,28.5,0,,136,11.1,31.5,1018.6,
2023-07-08,25.9,19.9,31.9,0,,165,10.1,31.5,1016.1,
2023-07-09,24.5,19.9,30.8,7.9,,165,11.9,29.6,1018.3,
2023-07-10,21.1,16.3,25.4,2,,255,8.4,25.9,1021.2,
2023-07-11,24.1,18.4,29.5,0,,199,16.2,38.9,1013.3,
2023-07-12,18.8,15.5,23,2,,252,20,46.3,1012.9,
2023-07-13,17,12.7,20.5,0.3,,242,16.3,38.9,1017.9,
2023-07-14,20.3,14.4,26.8,0,,187,12.5,33.3,1014.1,
2023-07-15,22.1,17.8,25.5,0.3,,194,27,51.8,1006.6,
2023-07-16,18.6,15,23,0,,219,26.9,51.8,1013.8,
2023-07-17,17.5,13,22.1,0.6,,247,17.6,48.2,1019.5,
2023-07-18,18.7,12.7,25.2,0,,241,8.1,25.9,1019.4,
2023-07-19,18.2,14.1,21.3,1.3,,253,13.2,40.8,1014.9,
2023-07-20,16.9,13.6,22,0.9,,284,9,24.1,1015.3,
2023-07-21,16.1,13.3,21,1.2,,270,9.5,35.2,1013,
2023-07-22,16.6,11.1,21.7,0,,212,16.8,40.8,1014.5,
2023-07-23,17.7,14.8,19.8,4.4,,204,26,50,1009.1,
2023-07-24,17.4,13.9,20.6,15.4,,231,19.1,38.9,1005.3,
2023-07-25,14.3,12.3,17.6,0.3,,330,8.7,35.2,1008.5,
2023-07-26,16.2,12.4,21.7,0.8,,241,16.1,40.8,1013.4,
2023-07-27,16.3,13.6,17.5,17,,215,24.4,44.5,1008.1,
2023-07-28,18.6,16.2,22.8,3.7,,227,18.8,38.9,1008.1,
2023-07-29,18.7,16.2,22.6,15.4,,225,14.9,35.2,1008.8,
2023-07-30,16.5,13.3,21.3,2.9,,237,24,51.8,1013.3,
2023-07-31,16.5,15.8,18.3,11.6,,217,28.1,50,1009.8,
2023-08-01,16.3,14.1,18.8,9.5,,246,23.1,46.3,1002.6,
2023-08-02,17.2,14.6,21.8,12.3,,205,26.4,57.4,995.6,
2023-08-03,15.9,14.3,19.3,5.5,,255,27.9,59.3,1001.3,
2023-08-04,15.5,11.8,19.5,1.9,,296,10.2,27.8,1014.4,
2023-08-05,14.4,11.4,17.5,2.5,,197,14.4,35.2,1013.1,
2023-08-06,13,11.8,13.8,16.4,,262,21.5,44.5,1008.9,
2023-08-07,14.2,10.3,19,1.2,,272,19.1,40.8,1017.6,
2023-08-08,14.4,11.4,17.7,3.8,,238,20,38.9,1016.2,
2023-08-09,16.6,13.8,21.1,10.9,,283,11.7,29.6,1016.9,
2023-08-10,17.6,11.1,23.5,0,,81,7,22.2,1021.4,
2023-08-11,21.8,16.5,28.2,1,,194,14,31.5,1019.8,
2023-08-12,19.8,17.9,22.6,6.4,,226,14.4,38.9,1017.2,
2023-08-13,18.8,15,23.1,0,,202,14.3,35.2,1017.4,
2023-08-14,20.2,14.1,26.2,0.2,,173,12.6,33.3,1014.5,
2023-08-15,21.4,16.9,24.5,0.1,,235,9.8,27.8,1015.8,
2023-08-16,19,16.7,21.8,0,,22,10.5,25.9,1019.7,
2023-08-17,18.3,16.2,20,0.3,,27,11.7,25.9,1018.6,
2023-08-18,21.2,16.3,27.4,0,,49,9.6,22.2,1015.3,
2023-08-19,23.6,20,25.8,1.9,,193,12.4,31.5,1015.7,
2023-08-20,21.6,17,27,0,,0,6.3,18.5,1022.3,
2023-08-21,20.4,15,24.5,0,,333,6.3,18.5,1023,
2023-08-22,20,14.9,23.7,0,,313,6.5,20.4,1021.2,
2023-08-23,21,15.2,26.5,0,,226,7.7,20.4,1020.1,
2023-08-24,20.1,18.3,24,1.1,,154,13.7,35.2,1014.5,
2023-08-25,19,17.4,22.6,3.2,,194,14.2,31.5,1009.3,
2023-08-26,16.3,12,20.8,0.4,,210,18.2,38.9,1011.7,
2023-08-27,15.6,12.9,19.5,3.7,,234,14.5,35.2,1010.6,
2023-08-28,14.1,11,17.5,1,,247,8.3,18.5,1013.2,
2023-08-29,14.8,12.4,18.8,0.7,,284,5.3,18.5,1012.5,
2023-08-30,13.7,11.4,16.1,6.2,,223,14.9,40.8,1008.5,
2023-08-31,13.8,10.9,17.3,1.2,,222,18.5,37,1011.7,
2023-09-01,16.6,13.2,20.5,10.6,,201,12.8,29.6,1013,
2023-09-02,19.1,15.2,23.8,3.3,,87,9,24.1,1019.8,
2023-09-03,18.3,14.3,23,0,,57,9.5,24.1,1026.8,
2023-09-04,19.8,13.8,25,0,,89,12.5,27.8,1024.4,
2023-09-05,23.8,16,31,0,,134,8.4,37,1018.6,
2023-09-06,23.5,17.3,28.8,0,,102,10.2,27.8,1019.1,
2023-09-07,23.4,14.1,30.7,0,,124,8.1,31.5,1018.1,
2023-09-08,24.2,19.7,29,0,,170,10.2,29.6,1017.1,
2023-09-09,24.1,18.5,29.3,0,,146,7.2,24.1,1016.9,
2023-09-10,25.4,20.4,30.4,0,,144,10.4,27.8,1016.9,
2023-09-11,23.3,20.3,27.5,21.1,,232,10.5,27.8,1013.8,
2023-09-12,19.4,17,24.3,22.7,,3,6.2,20.4,1013.3,
2023-09-13,17,14.3,19.1,0.8,,295,13.1,25.9,1017.7,
2023-09-14,15.6,10.6,20,0,,96,6.7,22.2,1022.2,
2023-09-15,17.7,12.4,22.7,0,,137,10.1,31.5,1017.6,
2023-09-16,19.4,13.7,24.6,3.7,,113,7.5,24.1,1013.7,
2023-09-17,20.4,17.2,24,3.9,,161,10.7,29.6,1012.1,
2023-09-18,19.4,15.2,22.9,0.3,,199,25.8,46.3,1006.2,
2023-09-19,15.4,12.8,18,0,,217,27.5,53.7,1012,
2023-09-20,18,15,21.8,0,,195,24.9,50,1008.1,
2023-09-21,17.2,13.6,19.2,6.9,,184,20.4,44.5,999.1,
2023-09-22,12.9,10.4,16.7,7.2,,203,20.9,40.8,1002.4,
2023-09-23,12.2,9.4,16.8,0.5,,225,17.9,37,1015.4,
2023-09-24,13.6,8.8,19,0,,161,13.5,31.5,1024.7,
2023-09-25,16.1,11.5,21.5,0,,179,10.5,31.5,1022.5,
2023-09-26,16.8,12.1,21.3,0,,166,12,27.8,1021,
2023-09-27,18.2,13.3,23.7,0,,163,12.2,33.3,1018.6,
2023-09-28,18.8,15.8,21.4,0,,202,14.6,35.2,1016.9,
2023-09-29,17.3,11.8,20.4,0.8,,222,17.6,40.8,1018.6,
2023-09-30,13.8,10.1,18.2,0,,204,7.8,25.9,1026.8,
2023-10-01,17.4,12.5,23.1,0,,190,14.4,31.5,1024.1,
2023-10-02,20.3,16.6,25.5,0,,171,14.6,33.3,1019.5,
2023-10-03,17.1,11.5,21.2,14.3,,238,23.2,44.5,1017,
2023-10-04,12.9,9.5,16.3,0,,230,17.2,31.5,1027.8,
2023-10-05,13.3,11.5,16.6,0,,228,16.7,29.6,1026.3,
2023-10-06,13.9,10.7,17.8,0,,206,17.9,33.3,1025.9,
2023-10-07,16.2,11.8,21.3,0.1,,221,20.7,38.9,1024.3,
2023-10-08,17.1,12.9,21.7,0,,222,11,31.5,1025,
2023-10-09,16.8,14.8,20.3,0,,227,13.7,31.5,1022.1,
2023-10-10,17.2,12.9,22.6,0,,186,16.1,37,1020,
2023-10-11,18.6,14.7,22.6,0,,205,21.8,46.3,1015.6,
2023-10-12,16,13.9,19,6,,210,18.3,42.6,1014.8,
2023-10-13,18.9,16.8,21.3,4.9,,198,27.8,53.7,1008.5,
2023-10-14,11.6,6.5,18.7,4.2,,258,21.9,57.4,1013,
2023-10-15,6.7,4.6,9.4,1.4,,259,12.9,29.6,1022.7,
2023-10-16,6.4,1.9,10.8,0,,111,10.7,25.9,1023.1,
2023-10-17,7.9,5.3,12.7,0,,63,15.5,31.5,1017.3,
2023-10-18,11.2,3.8,17,6.4,,121,15.3,42.6,1004.4,
2023-10-19,15.3,13.6,17.3,1.6,,174,18.3,38.9,991.9,
2023-10-20,14.3,12.3,15.9,11.9,,157,15.2,33.3,980.8,
2023-10-21,13.2,11.7,14.1,3.8,,191,28.5,55.5,991.9,
2023-10-22,11.6,9.4,13.8,2.6,,210,20.1,59.3,1006.6,
2023-10-23,10.1,7.3,13.1,3.8,,126,11.9,31.5,1010.6,
2023-10-24,11.2,9.5,13.5,5.2,,206,18.3,38.9,1003.9,
2023-10-25,9.7,8.4,12.2,9.4,,176,17.9,33.3,996.9,
2023-10-26,9.3,7.4,10.9,1.5,,181,12.5,33.3,996.2,
2023-10-27,10.7,9.3,13.6,13.7,,203,18.8,42.6,993.4,
2023-10-28,10.9,9.2,13,1.8,,191,22.4,46.3,996.9,
2023-10-29,12.6,11.4,13.7,2.6,,199,30.4,61.1,995.2,
2023-10-30,11.8,10.1,14.1,8.1,,178,17.1,44.5,999,
2023-10-31,10.2,8,11.9,0.9,,220,21.5,40.8,1003.5,
2023-11-01,11.5,9.8,13.7,4.6,,191,26,53.7,1001.1,
2023-11-02,11.3,7.9,13.3,2.2,,190,41.4,81.5,980.9,
2023-11-03,8.2,7.1,10.2,0.4,,210,32.6,53.7,986.6,
2023-11-04,8.9,7.2,10.8,6.2,,186,27.3,61.1,980.4,
2023-11-05,9.6,8.8,11,7.1,,221,28.7,57.4,980.8,
2023-11-06,9.1,7.8,11.1,0.3,,214,28.2,50,1002.4,
2023-11-07,8.2,7.1,9.5,0.1,,215,23.9,44.5,1011,
2023-11-08,8.4,7,9.7,4.6,,202,29.1,55.5,1012.3,
2023-11-09,8.5,5.6,10.8,4.4,,207,25.5,51.8,1002.7,
2023-11-10,7,5.9,8.1,7.8,,206,24.5,48.2,998.1,
2023-11-11,5.8,4.4,8.2,2.1,,244,17.4,37,1006.3,
2023-11-12,5.9,4.1,8.3,0.1,,166,11.7,27.8,1007.5,
2023-11-13,10.6,6.5,14.2,9.1,,212,27.3,63,1004.4,
2023-11-14,10.1,8.7,11.6,14.5,,231,32.6,53.7,1006.3,
2023-11-15,9.1,6.5,11.4,1.3,,244,24.8,44.5,1015.9,
2023-11-16,6.3,5.5,7.3,5.7,,172,12.3,31.5,1014,
2023-11-17,6.3,5.6,7.4,7.2,,247,11.4,33.3,1020.4,
2023-11-18,7,4.6,11,11.4,,178,21.6,61.1,1019.6,
2023-11-19,11.3,10.2,12.3,4.4,,232,30.9,53.7,1011.9,
2023-11-20,9,7.7,10.5,7.5,,228,20.9,51.8,1010.6,
2023-11-21,7.8,5.8,9.2,1.2,,321,8.7,33.3,1017.2,
2023-11-22,4.2,3.1,5.2,0,,347,10.8,27.8,1029.4,
2023-11-23,8.3,5.3,10.5,0.1,,238,24.2,44.5,1023.7,
2023-11-24,5.5,2.8,9.7,7.6,,291,21.2,40.8,1014.3,
2023-11-25,3.5,0.8,5.7,5.1,,283,15.8,33.3,1015.1,
2023-11-26,4,2.8,5.1,1.9,,244,16.8,37,1016.7,
2023-11-27,3.4,2.2,5.8,16.4,,205,28.1,55.5,1000.8,
2023-11-28,0.1,-1.3,2.5,2.2,,325,15.5,35.2,1005.2,
2023-11-29,1.5,-0.9,3.9,2.9,,228,16.7,38.9,1004.9,
2023-11-30,1.7,0,3.2,0.6,,66,7.7,20.4,1001.9,
2023-12-01,-0.8,-2,0.1,0,,46,13.2,29.6,1006.4,
2023-12-02,-2.3,-3.8,-0.8,0,,327,10.4,24.1,1014.9,
2023-12-03,-0.6,-2.3,1.2,2.3,,175,20.1,42.6,1020.2,
2023-12-04,2.7,0.9,5.3,2.7,,155,21.3,42.6,1006.2,
2023-12-05,4.5,2.4,6.8,7.3,,235,17.4,38.9,1002.6,
2023-12-06,3.1,1.5,4.9,0.4,,269,12.3,24.1,1016.1,
2023-12-07,2.2,0.4,3.9,1.2,,161,18.6,40.8,1017.2,
2023-12-08,5.2,2.6,7.3,4.6,,190,18.2,38.9,1009.1,
2023-12-09,7.4,6.4,9.9,8,,195,27,57.4,1004.2,
2023-12-10,8.8,7.6,10.1,5,,232,35.9,59.3,1005.6,
2023-12-11,9.1,6.9,9.9,0.6,,241,27.8,57.4,1005.1,
2023-12-12,8.9,7.1,11.2,1.1,,192,16.7,40.8,1004.4,
2023-12-13,7.6,6.7,8.8,5.9,,213,13.7,37,999.3,
2023-12-14,5.2,4.3,6.8,0,,301,10.8,24.1,1018.6,
2023-12-15,6.3,4.6,7.7,0,,242,12,24.1,1035.1,
2023-12-16,6.6,5,8.1,0,,217,16.2,31.5,1041.1,
2023-12-17,6.1,4.1,9,0,,198,16.4,35.2,1038.1,
2023-12-18,2.1,0.9,4.8,0,,203,17.9,38.9,1033.7,
2023-12-19,4.5,1.5,6.8,9.9,,206,28.8,51.8,1022.5,
2023-12-20,5.7,4.1,7.5,1.2,,249,24.3,46.3,1017.6,
2023-12-21,9,7.7,10.6,3.7,,259,33.6,72.2,1004.9,
2023-12-22,8,6.8,9.1,10.2,,275,29.9,55.5,1007.7,
2023-12-23,8.5,7.5,9.3,1.1,,255,32.6,53.7,1012.7,
2023-12-24,9.4,8.1,10.7,5.8,,234,39.6,63,1009.5,
2023-12-25,10.1,9.6,10.6,5.2,,231,34.2,57.4,1010.6,
2023-12-26,7.6,4,9.8,0.9,,238,23.9,53.7,1016.1,
2023-12-27,7.5,4.5,9.2,0.6,,177,23.7,59.3,1016.3,
2023-12-28,9.4,8.6,10.6,0,,214,32.7,57.4,1013.6,
2023-12-29,8.9,7.6,9.4,2.9,,224,35.1,59.3,1011.2,
2023-12-30,8.1,6.7,9.1,0.1,,212,25.5,48.2,1013.1,
2023-12-31,8.2,5.3,9.6,2.3,,195,32.6,61.1,1000.3,
2024-01-01,6.4,5.1,7.5,1.3,,216,31.7,57.4,1005.9,
2024-01-02,9.2,6.8,10.8,20.4,,204,37.4,79.6,994.2,
2024-01-03,8.9,7.9,10.3,8.7,,232,38,74.1,993.8,
2024-01-04,7.7,6.8,8.6,4.2,,228,23.6,50,1003.2,
2024-01-05,6.6,4.8,8.7,1.7,,216,31.8,64.8,1000.1,
2024-01-06,3.3,1.6,5.6,2.3,,322,12.6,31.5,1010.4,
2024-01-07,-0.5,-2.9,1.4,0.4,,28,20.9,40.8,1022,
2024-01-08,-3.5,-5,-2.6,0,,42,22.1,38.9,1029.5,
2024-01-09,-5.3,-7.4,-2.5,0,,56,22.5,40.8,1030.8,
2024-01-10,-5.5,-8,-2.1,0,,60,10.8,27.8,1029.2,
2024-01-11,-4.7,-8.2,-1,0,,33,8.3,20.4,1033.7,
2024-01-12,-1,-2.2,0.2,0,,347,5.7,29.6,1034,
2024-01-13,0.3,-0.8,1.4,0,,227,14.4,29.6,1025.9,
2024-01-14,-1.3,-2,-0.5,0.3,,216,19.7,37,1013.5,
2024-01-15,-0.1,-1,1.8,3.9,,253,22.4,40.8,1007,
2024-01-16,-1.6,-3.4,0.3,0,,217,15.8,31.5,1010.3,
2024-01-17,-2.8,-4.3,-1.1,11.2,,83,12.6,29.6,994,
2024-01-18,-3.2,-5.4,-0.8,1.1,,296,7.7,22.2,1002.3,
2024-01-19,-2,-3.3,0.2,0,,215,14.9,29.6,1022.1,
2024-01-20,-2.6,-5.9,0.8,0,,175,16.1,31.5,1029.7,
2024-01-21,1.9,-0.3,5.6,0.1,,186,33.2,66.7,1022.3,
2024-01-22,8.3,6.2,10.5,1.8,,223,41.1,75.9,1012.8,
2024-01-23,6.8,3.7,10.1,2.4,,226,29.9,68.5,1024.3,
2024-01-24,10,7.7,12.3,1.2,,245,34.1,68.5,1024,
2024-01-25,7.1,2.7,9.4,0.1,,215,16.2,31.5,1029.3,
2024-01-26,7.6,0.8,10.6,2.7,,247,22.1,51.8,1027.8,
2024-01-27,3.2,-0.1,7,0,,172,10.5,31.5,1036.6,
2024-01-28,7.1,2.1,13.2,0,,155,18.3,37,1028.8,
2024-01-29,9.2,6.5,12.5,0,,181,20.6,37,1027.2,
2024-01-30,9,6.4,10.6,0,,214,20.1,38.9,1029.5,
2024-01-31,5.9,5,6.6,0.3,,225,15,44.5,1033.3,
2024-02-01,6.2,1.7,7.7,6.3,,270,15.5,42.6,1031.4,
2024-02-02,5.2,3.2,7,0,,221,23.6,40.8,1031.7,
2024-02-03,8.4,7.2,9.5,1.7,,238,22.8,40.8,1028.7,
2024-02-04,9.1,8.5,9.7,0.7,,245,29.4,50,1025.5,
2024-02-05,8.4,6.9,9.4,0,,234,32.1,51.8,1022.9,
2024-02-06,8.8,7,10.2,0.2,,223,36.2,61.1,1014.8,
2024-02-07,5.7,3,9.9,20.3,,38,21.2,61.1,1005.7,
2024-02-08,6.7,2.6,10.9,11.8,,196,16.1,48.2,998.1,
2024-02-09,10.5,9.2,11.9,3.9,,193,24.5,48.2,986.6,
2024-02-10,9.9,8.8,11.6,4.1,,146,12.5,33.3,986.6,
2024-02-11,7.9,6.5,9.3,3.8,,204,15,35.2,991.3,
2024-02-12,6.3,3.6,8.2,2.1,,244,15.6,31.5,1005.5,
2024-02-13,5.5,2.3,8.6,0,,202,20.7,46.3,1017.9,
2024-02-14,9.6,7.3,11.5,3.2,,205,24.5,44.5,1018.1,
2024-02-15,13,11.4,15.4,0.2,,180,21.8,44.5,1015.1,
2024-02-16,12,9.1,13.8,0.3,,221,20.7,44.5,1015.2,
2024-02-17,9.3,7.8,11.7,0,,239,13.7,27.8,1031.3,
2024-02-18,8,6.7,9.8,5.7,,205,23.7,53.7,1028.3,
2024-02-19,8.4,6.9,10,4.1,,264,17,37,1028.6,
2024-02-20,7.1,5.2,9.9,0.1,,226,19.4,40.8,1029,
2024-02-21,7.8,6.8,9.3,6.6,,198,27.2,55.5,1015.9,
2024-02-22,9.5,5.9,12.3,14,,201,32.4,75.9,991.3,
2024-02-23,5.1,3.6,7.4,0.1,,205,27.9,64.8,993.4,
2024-02-24,4.6,2.7,6.1,1.7,,196,22.5,44.5,999.3,
2024-02-25,6.1,3.7,8.8,0.7,,172,20.1,40.8,1000.5,
2024-02-26,5.1,4.5,6.8,14.3,,54,21.8,40.8,1001.5,
2024-02-27,3.5,1.2,4.6,0,,22,11.6,31.5,1017.4,
2024-02-28,4.3,-0.2,8.9,0,,200,12.8,33.3,1021.8,
2024-02-29,7.1,4.3,10,0.1,,177,24,42.6,1011.4,
2024-03-01,7.5,4.8,9.1,0.4,,191,26.4,53.7,1002.7,
2024-03-02,8.8,5.6,11.7,1.2,,167,22.4,44.5,999.9,
2024-03-03,9.8,5.4,12.9,0,,177,12.8,35.2,1001.1,
2024-03-04,6.9,5,9.7,0,,286,9,24.1,1011.8,
2024-03-05,7.4,6.1,9.2,0.7,,190,10.2,25.9,1014.5,
2024-03-06,6.4,2.5,9.9,0,,119,8.3,22.2,1022.1,
2024-03-07,6.3,2.3,10.2,0,,74,12.2,37,1021.5,
2024-03-08,6.7,1.3,12.7,0,,98,15.3,37,1010.2,
2024-03-09,10.2,6.4,14.6,0.5,,133,15.9,42.6,1000.5,
2024-03-10,9.1,7.4,11.6,4.9,,309,10.2,27.8,995.6,
2024-03-11,7.1,6.5,8,27.6,,245,16.8,38.9,1003,
2024-03-12,7,5.7,9.7,12,,229,17.7,38.9,1014.4,
2024-03-13,10.4,9.2,11.6,3.8,,236,18.8,31.5,1016.2,
2024-03-14,12.2,7.8,16.9,0,,183,16.5,35.2,1012.9,
2024-03-15,11.9,8.4,14.9,2,,213,22.7,48.2,1010.1,
2024-03-16,8,6.3,9.4,2,,260,12.9,33.3,1019.6,
2024-03-17,9.5,5.9,13.3,2.7,,166,16.2,31.5,1020.8,
2024-03-18,11,8.5,13.2,0,,234,11.6,29.6,1017,
2024-03-19,11.9,8.1,16.6,0,,196,9.8,25.9,1018.6,
2024-03-20,12.9,8.4,17.6,0,,153,9.2,25.9,1019.2,
2024-03-21,9.9,7.3,12,0,,272,10.4,22.2,1024.3,
2024-03-22,11,7.5,13.9,6.6,,244,17.3,37,1018.3,
2024-03-23,5.9,4.3,7.9,13.3,,263,20.7,48.2,1011.4,
2024-03-24,5.2,3.5,8.3,2.2,,260,26,55.5,1008.3,
2024-03-25,6.7,1.7,11.1,0,,162,13.2,27.8,1005.5,
2024-03-26,10.5,6.8,15.5,0,,156,17.6,37,991.2,
2024-03-27,8.4,6.2,11,1.7,,191,19.1,38.9,987.4,
2024-03-28,8.3,6,11,1.7,,192,29.9,57.4,987.5,
2024-03-29,10.1,6,14,3.7,,190,21.4,50,994,
2024-03-30,9.4,7,14,3.3,,185,12.3,40.8,996.4,
2024-03-31,11,7,15,3.1,,157,14,33.3,996,
2024-04-01,10,8,13,0.5,,209,17.8,40.8,997.1,
2024-04-02,9.5,7.6,12,0.2,,213,26.2,53.7,1006.9,
2024-04-03,10.6,8.9,13.9,4.4,,205,23.1,46.3,1006.5,
2024-04-04,11.2,9,13.9,12.7,,219,24.9,53.7,1008.4,
2024-04-05,14.3,11.1,17.1,0.8,,200,24.9,53.7,1010.8,
2024-04-06,18.5,13.5,24.3,0,,176,19.8,50,1010.8,
2024-04-07,17,14.3,19.8,2.1,,225,19.7,50,1013.6,
2024-04-08,16,12.3,21.4,6.8,,165,9.3,33.3,1008.7,
2024-04-09,11.3,8.1,18.2,7.4,,223,28.8,63,1011.4,
2024-04-10,9.4,4.5,13.7,0,,240,15.6,33.3,1028,
2024-04-11,11.8,9.4,15,0,,207,19.4,38.9,1032.3,
2024-04-12,15.4,12,18.9,0,,217,15.8,33.3,1031.9,
2024-04-13,17.6,12.9,23.3,0,,205,19.7,44.5,1025.4,
2024-04-14,12.8,9.1,17.1,0.1,,268,13.7,29.6,1022.1,
2024-04-15,7.3,3.7,11.9,7.4,,231,25.1,64.8,1011,
2024-04-16,5.9,3.4,9.6,12.6,,272,26.9,53.7,1007,
2024-04-17,4,1.8,7.9,8.4,,286,11.1,29.6,1013.1,
2024-04-18,5.9,2.3,9.8,0.4,,307,10.1,24.1,1019.1,
2024-04-19,7.2,4.7,10.9,11.5,,268,25.2,50,1013.8,
2024-04-20,6,4.2,9.4,2.1,,309,16.5,35.2,1021.3,
2024-04-21,4.7,2.1,9.3,1.5,,348,14.4,38.9,1023.8,
2024-04-22,3.7,0.3,8.6,2,,356,7.2,27.8,1025.2,
2024-04-23,4.5,-1.3,9.7,0,,328,6.8,24.1,1020.6,
2024-04-24,5.3,3.5,8.9,3.7,,288,16.2,38.9,1012,
2024-04-25,5.9,2.5,9.6,0.7,,237,18.3,38.9,1007.5,
2024-04-26,9.1,6.6,11.6,0.3,,246,13.7,35.2,1004.2,
2024-04-27,12,7.6,16.5,2.2,,160,17,38.9,1005.1,
2024-04-28,13.1,9.5,14.6,1.4,,195,27,63,1008.7,
2024-04-29,13.3,8.3,17.7,0,,178,14,31.5,1019.2,
2024-04-30,16.5,11.7,22.5,1,,166,8.3,29.6,1015.8,
2024-05-01,17.4,11,24,0.9,,35,10.3,31.5,1006.4,
2024-05-02,15.3,11,19,14.8,,237,16.2,35.2,1000.5,
2024-05-03,11.3,9,15,7.1,,230,23.7,50,1010.5,
2024-05-04,10.8,7.8,15.6,7.4,,141,11.4,29.6,1013.6,
2024-05-05,11.8,7.9,15.7,0,,225,10.8,25.9,1009.9,
2024-05-06,13.6,12.3,15.8,11.8,,105,7.2,22.2,1008.1,
2024-05-07,13.6,10.9,18,1.8,,12,6.5,24.1,1017.6,
2024-05-08,11.3,9.3,13.5,0.3,,335,10.4,20.4,1026.9,
2024-05-09,12.7,7,18.4,0,,11,7.1,22.2,1027.2,
2024-05-10,15.4,9.8,19.8,0,,37,8.3,25.9,1023.5,
2024-05-11,17.8,9.8,23,0,,57,14.3,37,1020.5,
2024-05-12,20,13.6,25.9,0.2,,131,12,33.3,1015,
2024-05-13,18.5,15.3,22.5,0,,177,13.2,31.5,1011.2,
2024-05-14,19.9,15.8,25.4,0.4,,164,18.3,44.5,1005.1,
2024-05-15,14.6,13.5,16,8.8,,188,8.6,20.4,1006.5,
2024-05-16,14.9,12.6,17.9,16.3,,230,11.9,31.5,1005.2,
2024-05-17,12.8,11.1,14.5,11,,295,11.6,29.6,1008,
2024-05-18,13.4,11.4,18,7.4,,263,11.7,24.1,1011,
2024-05-19,13.7,11.4,17.9,1.2,,271,8.4,25.9,1011.9,
2024-05-20,15.2,10.9,20.4,1,,348,6.8,18.5,1011,
2024-05-21,14.6,12.9,16.6,7.5,,252,8,25.9,1008.1,
2024-05-22,14.5,12.9,18.9,1.1,,222,17.7,38.9,1009.5,
2024-05-23,15.3,10.7,20.2,0.1,,236,14,29.6,1015.3,
2024-05-24,13.5,11.8,15.7,15.8,,131,9.5,24.1,1018.2,
2024-05-25,14.3,11.6,18.8,0.3,,266,14,31.5,1017.3,
2024-05-26,15.8,12.2,21.8,3.5,,152,14.1,44.5,1015.4,
2024-05-27,13.5,10.7,17,7.3,,231,10.4,24.1,1017.7,
2024-05-28,12.8,8.4,17.8,1.7,,207,20.1,40.8,1018.2,
2024-05-29,14.9,13.1,18.1,11.2,,213,21.3,40.8,1011.1,
2024-05-30,14.2,11.4,16.4,3.1,,289,11.2,25.9,1007.5,
2024-05-31,13.9,11.3,18.8,4.6,,302,10.8,22.2,1012,
2024-06-01,14.1,12.5,15.7,6.3,,316,11.7,25.9,1017.4,
2024-06-02,13.6,11.5,15.8,0,,335,12.3,25.9,1022.6,
2024-06-03,12.3,8.3,16.5,0,,306,5.7,18.5,1021.3,
2024-06-04,16.4,12,21,1,,198,11.7,31.5,1014.4,
2024-06-05,14.2,11.7,17.4,0.9,,271,13.4,33.3,1013.2,
2024-06-06,13.9,8.6,18.6,0,,239,12.5,31.5,1017.3,
2024-06-07,14.9,8.3,19.9,0,,256,7.2,27.8,1018.9,
2024-06-08,15.1,10,20.2,0,,258,13.5,33.3,1013.9,
2024-06-09,14.4,9.2,19,0,,296,9.6,29.6,1011.8,
2024-06-10,11.3,8.6,13.5,4.3,,241,19.4,53.7,1009,
2024-06-11,11.2,8,15.3,1.4,,275,13.4,29.6,1016.5,
2024-06-12,10.9,7.8,13.7,0,,288,8.6,25.9,1020.5,
2024-06-13,14.3,8.4,19.8,0,,185,13.2,35.2,1017.3,
2024-06-14,16,12.3,19.7,3.9,,190,19.5,44.5,1007.7,
2024-06-15,14.7,11.6,18.1,1.3,,214,28.1,57.4,1005.3,
2024-06-16,14.6,12.1,17.5,6.5,,198,23.1,44.5,1007.3,
2024-06-17,16.7,13.7,20.5,3.4,,229,11.7,31.5,1011.7,
2024-06-18,17.3,15.1,20.9,22.9,,112,9.6,22.2,1013.1,
2024-06-19,16.2,13.7,20.1,1.4,,29,13.4,29.6,1017.4,
2024-06-20,15.6,12.3,17.9,1,,35,12.2,29.6,1018.6,
2024-06-21,15.3,12.9,18.1,4.5,,311,8.9,25.9,1013.4,
2024-06-22,15.2,12.4,17.9,1.6,,219,12.3,25.9,1014.6,
2024-06-23,18.4,12.2,23.1,0,,268,6.9,18.5,1019.5,
2024-06-24,20.3,13.8,25.2,0,,25,9.5,27.8,1019.6,
2024-06-25,22.4,16.9,27,0,,50,11.7,31.5,1014.8,
2024-06-26,23.7,17.9,28.3,0,,343,7.1,20.4,1010.7,
2024-06-27,23.9,19,29,0.3,,245,12.2,31.5,1009.4,
2024-06-28,18.2,13.8,22.4,0.1,,262,15.8,31.5,1016.1,
2024-06-29,18.8,12.6,24.6,10.8,,26,9,25.9,1013.9,
2024-06-30,17.2,14.4,22,9.9,,300,10.1,29.6,1010.1,
2024-07-01,15.2,12.8,17.7,2.1,,297,11,27.8,1016.4,
2024-07-02,14.8,13.2,16.9,5.3,,274,13.8,29.6,1016,
2024-07-03,13.3,11.1,15.9,4.7,,237,12,29.6,1012.2,
2024-07-04,16.2,13.2,20.1,3.9,,249,22.5,38.9,1009,
2024-07-05,16.3,12.1,21.5,1.1,,217,20.9,44.5,1011.1,
2024-07-06,18.1,13.3,21.5,0,,217,26,55.5,1004.8,
2024-07-07,15.1,10,19.4,0.2,,212,18.8,44.5,1013.7,
2024-07-08,17.5,12.8,21.6,0,,206,9,24.1,1017.1,
2024-07-09,22.7,16.5,31.4,6.8,,153,14.7,38.9,1013.3,
2024-07-10,20.2,17.2,23.5,4.4,,224,16.4,37,1015.1,
2024-07-11,19.1,14.7,22.6,0,,277,10.7,31.5,1017.7,
2024-07-12,14.7,12.5,16.9,27.3,,341,12.9,33.3,1012.7,
2024-07-13,14.3,10.4,18,0.8,,248,15.1,35.2,1014,
2024-07-14,17.5,13,22,0.2,,219,10.7,31.5,1013.6,
2024-07-15,20.2,13.8,26.3,1.5,,152,9.6,31.5,1011.1,
2024-07-16,17.8,15.6,19.6,6.7,,218,24.9,46.3,1012.1,
2024-07-17,18.7,15,23.7,1.5,,248,12.6,31.5,1020.2,
2024-07-18,21.7,15.9,27.8,0,,75,7.5,22.2,1021.6,
2024-07-19,24,19.4,29.1,0,,119,9.6,27.8,1018.3,
2024-07-20,25.4,19.5,31.1,2.5,,158,12,29.6,1009.7,
2024-07-21,21.9,19.6,25.3,12.8,,243,12.8,27.8,1008.8,
2024-07-22,19.6,16,23.2,0.1,,250,14,33.3,1017.2,
2024-07-23,19,16,21.6,5.4,,233,21.9,42.6,1018,
2024-07-24,17.8,14.3,22.2,0.1,,303,8.3,22.2,1021.2,
2024-07-25,20,14.6,24.7,0,,187,12.2,25.9,1015.2,
2024-07-26,20,17.7,22.3,1.9,,238,14.3,33.3,1011.7,
2024-07-27,17.9,15.3,19.7,2.1,,272,8,20.4,1014.4,
2024-07-28,18.1,12,23.8,0,,319,8.1,20.4,1024.3,
2024-07-29,21.5,14.2,27.7,0,,125,8.7,29.6,1022.6,
2024-07-30,24.8,19.1,30.8,0,,139,10.4,27.8,1016.5,
2024-07-31,21.9,18.9,24.7,0.6,,71,7.7,24.1,1014.5,
2024-08-01,20.7,19.4,22.5,9.7,,48,6.9,24.1,1012,
2024-08-02,21.5,17.7,25.6,0,,76,5.6,18.5,1012.3,
2024-08-03,19.2,16.6,22.4,0.3,,250,14.9,31.5,1013.1,
2024-08-04,18.7,17.1,20.4,3.7,,307,9.5,25.9,1015,
2024-08-05,20.7,16.5,25.3,0,,209,9.5,24.1,1014.9,
2024-08-06,22.9,17.2,28.1,0,,182,14.3,33.3,1011.3,
2024-08-07,19.4,15.9,23,15.4,,265,10.8,29.6,1012.9,
2024-08-08,19,15.4,23,0.5,,232,12.3,27.8,1017.1,
2024-08-09,21.4,19.2,23.9,0,,225,21,44.5,1016,
2024-08-10,19.5,14.1,25.3,0,,242,13.8,27.8,1020.9,
2024-08-11,22.2,16.5,27.3,0,,82,9.4,29.6,1020.7,
2024-08-12,26.5,19,34,0,,156,10.4,27.8,1012.3,
2024-08-13,26.2,20.6,30.7,1,,231,9.9,29.6,1009.1,
2024-08-14,19.7,17.1,21.2,6.7,,235,7.7,22.2,1012.4,
2024-08-15,21,15.9,26.1,0,,221,12.8,31.5,1016.9,
2024-08-16,20.5,17.6,23.4,1.3,,226,14.3,35.2,1016.2,
2024-08-17,19.9,18.1,23.3,9.6,,266,8.1,24.1,1013.3,
2024-08-18,18.7,16,21.7,2.5,,295,9,29.6,1012.4,
2024-08-19,17.5,12.7,22.5,0,,219,6.2,24.1,1018.3,
2024-08-20,19.3,14.6,24.2,5,,191,15.2,35.2,1012.9,
2024-08-21,16.3,12.5,19.2,0,,247,19.1,37,1017.5,
2024-08-22,17.9,12.9,23.1,0,,199,21,46.3,1013.5,
2024-08-23,19.4,16.9,22.4,0.5,,202,26.7,55.5,1009.2,
2024-08-24,21.6,16.4,29,8,,198,20.1,50,1008.2,
2024-08-25,16.2,12.6,20,0.1,,236,18.3,42.6,1020,
2024-08-26,16.6,12.2,20.8,0,,214,9.6,25.9,1022.9,
2024-08-27,19.3,13.1,25.7,,,132,9.6,25.9,1021,
2024-08-28,22.8,16.1,29.8,,,156,13.8,25.9,1015.4,
2024-08-29,22.9,19.4,26.6,,,243,12.8,33.3,1016.6,
2024-08-30,17.9,16.4,19.5,,,23,13.2,25.9,1021.4,
2024-08-31,19.3,15,24.9,,,45,17.3,27.8,1020.5,
2024-09-01,24.3,16.2,31.6,,,118,9.6,27.8,1014.8,
2024-09-02,22.5,20.2,26.7,,,199,9.6,27.8,1012.9,
2024-09-03,21,18.9,24.4,,,206,12.2,24.1,1014.4,
2024-09-04,18.3,16.4,20,,,315,6.3,18.5,1016.2,
2024-09-05,18.6,14.8,24.8,16.3,,27,14.9,31.5,1010.1,
2024-09-06,17.8,16.5,18.9,1.1,,221,10.7,24.1,1010.7,
2024-09-07,20.6,14.9,27.1,0,,115,8.7,27.8,1010.9,
2024-09-08,18.3,15.9,20.8,6.7,,197,18.5,38.9,1009.3,
2024-09-09,15.6,14.2,17.5,13,,249,17.6,35.2,1006,
2024-09-10,14.3,12.1,16.9,1.5,,233,24.3,48.2,1011.9,
2024-09-11,12.2,8.7,15.3,11.7,,255,23,51.8,1007.5,
2024-09-12,9.7,6.9,13.6,2.8,,249,15.8,31.5,1013.7,
2024-09-13,10.1,5.8,15,1.4,,284,7.8,25.9,1023.9,
2024-09-14,10.8,5.7,15.8,0,,308,5.7,22.2,1031.1,
2024-09-15,12.4,6.8,17.2,0,,248,7.1,18.5,1028.4,
2024-09-16,14.9,11.1,18.8,0,,316,9.6,25.9,1025.6,
2024-09-17,14.9,13.1,16.8,0,,28,17.9,38.9,1027.4,
2024-09-18,16.4,12.8,21.8,0,,40,19.4,40.8,1025.5,
2024-09-19,17.4,12.6,22.9,0.3,,47,18.8,38.9,1022.6,
2024-09-20,17.3,11.3,23.1,0,,67,13.2,37,1020,
2024-09-21,18.6,12.6,24,0,,127,8.9,27.8,1019.2,
2024-09-22,19,15.3,24,0.2,,152,10.8,29.6,1014.9,
2024-09-23,17.3,14.4,20,0.3,,185,17.1,37,1008.9,
2024-09-24,14.6,12.4,17.5,8.5,,206,18.2,40.8,1004.6,
2024-09-25,14.2,13.1,15.9,7.7,,195,17.4,37,1004.1,
2024-09-26,15.4,13.5,18.1,12.6,,202,25.7,50,992.7,
2024-09-27,12.8,10.7,14.7,1.6,,227,34.1,63,999.5,
2024-09-28,9.6,6,12,2.2,,276,11.8,31.5,1020,
2024-09-29,9,3.9,13.4,0,,144,11.4,27.8,1026.2,
2024-09-30,12.7,9.8,16.6,3.2,,176,22.7,48.2,1011.6,
2024-10-01,13,11,14.9,0,,215,25.7,51.8,1008.1,
2024-10-02,11.1,8.4,14.8,0.8,,64,9.3,27.8,1010.4,
2024-10-03,9.4,7,11.8,0,,35,14.6,31.5,1018.4,
2024-10-04,9.4,4.7,14.6,0,,41,9.3,25.9,1021.3,
2024-10-05,9.8,3.8,15.4,0,,131,7.7,29.6,1018.8,
2024-10-06,11,6.7,15.5,0.1,,149,16.5,50,1007.9,
2024-10-07,16,13.6,19.5,7.6,,188,16.8,35.2,1002.3,
2024-10-08,15.9,14.2,16.9,0.9,,192,20.1,40.8,999.4,
2024-10-09,13.6,12.2,15.2,47.7,,171,15.3,38.9,990.9,
2024-10-10,11.7,9.1,13.3,17.2,,292,15.2,35.2,998.3,
2024-10-11,9.2,7.1,11.8,0.3,,265,7.1,20.4,1016.1,
2024-10-12,9.1,5.9,12.3,3,,155,14.1,37,1012.5,
2024-10-13,9.1,6.8,11.3,1.1,,247,19.4,40.8,1016.5,
2024-10-14,8.2,6.2,10.3,3.6,,99,10.7,24.1,1018,
2024-10-15,12,8.6,16,0,,117,10.4,31.5,1018.1,
2024-10-16,17.2,13,20.8,0,,152,18.3,44.5,1010.3,
2024-10-17,17.6,15.6,20,1.4,,170,14.4,40.8,1011.1,
2024-10-18,14.9,13.9,15.8,0.2,,333,4.7,18.5,1014.1,
2024-10-19,13.9,11.8,15.1,5.1,,201,14.4,35.2,1015.7,
2024-10-20,14.7,12.6,17.1,0.2,,183,22.5,46.3,1018.8,
2024-10-21,14.2,12.4,17.7,6.1,,267,11.9,48.2,1022.2,
2024-10-22,11.8,8.4,15.4,2.5,,254,11,25.9,1028.8,
2024-10-23,11.2,7.8,15.6,0,,135,8.3,24.1,1034.3,
2024-10-24,10.6,7.3,14.6,0,,140,11.9,33.3,1025.3,
2024-10-25,15,12.5,19.1,3,,156,14.9,33.3,1018,
2024-10-26,16.2,13.5,22,0,,135,11.6,27.8,1016.6,
2024-10-27,13.6,12.8,14.6,1,,222,7.8,25.9,1021,
2024-10-28,13.8,11.7,15.8,0,,224,13.2,29.6,1025.1,
2024-10-29,12.9,10.8,15.8,1.6,,214,15.2,33.3,1026.1,
2024-10-30,12.5,11.6,14.2,0,,338,5.9,20.4,1028.3,
2024-10-31,11.5,7.8,15.6,0,,138,5.3,24.1,1027.9,
2024-11-01,9.7,9.4,10,0,,224,10.1,24.1,1025.9,
2024-11-02,10.5,9.6,12.4,0,,42,9.2,27.8,1030.1,
2024-11-03,8.5,3.7,12.2,0,,64,5.6,24.1,1029.8,
2024-11-04,7.1,2.5,11.8,0,,112,6.6,27.8,1027,
2024-11-05,7.5,4,13,0,,195,7.5,27.8,1024.2,
2024-11-06,8.1,7,9,0,,74,6,16.7,1029.8,
2024-11-07,6.8,5,8,0,,58,10.1,24.1,1030.9,
2024-11-08,4.8,4,6,0,,149,7.5,24.1,1026.3,
2024-11-09,8,6,10,0,,168,6.5,24.1,1024.4,
2024-11-10,9.5,8,10,0.3,,197,5.1,18.5,1027.5,
2024-11-11,8.4,7,11,2.7,,289,11.9,27.8,1029.1,
2024-11-12,7.7,7,9,3.2,,31,17.8,37,1029.5,
2024-11-13,6.3,3,8,0,,341,6.8,24.1,1031.8,
2024-11-14,8.4,8,10,0.8,,292,7.2,18.5,1028.5,
2024-11-15,7.4,7,8,0,,258,4.6,16.7,1027,
2024-11-16,6.3,5,7,0,,205,17.3,35.2,1019.5,
2024-11-17,6.4,4,8,3.7,,236,23.6,40.8,1012.6,
2024-11-18,6.8,5,9,3.9,,229,16.5,38.9,1010,
2024-11-19,7.2,2,11,18.7,,254,26.3,59.3,995.3,
2024-11-20,2.1,0,4,4.4,,254,26.8,50,1002.7,
2024-11-21,-0.4,-3,1,0,,226,15.4,44.5,999.7,
2024-11-22,0.8,-2,3,2.2,,237,23.3,50,1005.6,
2024-11-23,4,1,8,2.3,,190,30.2,61.1,1014.1,
2024-11-24,14.2,8,17,0.4,,193,39.1,64.8,1008.3,
2024-11-25,12.3,8,16,6.8,,204,27.7,63,1005.9,
2024-11-26,8,7,9,1.1,,206,20.2,35.2,1017.7,
2024-11-27,8.5,6,11,4.2,,203,28.3,59.3,1015,
2024-11-28,5.3,3,8,0,,265,13.2,37,1025.6,
2024-11-29,3.1,-1,8,0,,146,12.4,38.9,1030.5,
2024-11-30,4.3,2,8,0,,168,15.4,35.2,1027.1,
2024-12-01,5.1,2,8,0.4,,176,20.2,38.9,1020.6,
2024-12-02,9,7,11,0.7,,210,21.5,38.9,1014.3,
2024-12-03,5,2,7,0.6,,282,11.2,33.3,1019.1,
2024-12-04,3.8,2,5,0,,222,11.4,31.5,1025.6,
2024-12-05,5.1,4,8,10.8,,190,29.1,55.5,1017.5,
2024-12-06,6.7,5.2,8.4,7.8,,247,26.6,59.3,1012.4,
2024-12-07,6.3,4.6,7.5,,,217,35,68.5,997.5,
2024-12-08,4.3,3.3,5.1,,,311,18.1,48.2,1005.8,
2024-12-09,3.2,2.5,3.9,,,31,16.2,31.5,1023.2,
2024-12-10,1.6,0.7,2.3,,,44,14,27.8,1031,
2024-12-11,0.4,-0.5,1.7,,,46,11,24.1,1029.4,
